Tokens	Count
*	473979
@	320725
$	313871
#	209921
!	188397
&	130851
m	81198
\	75298
(	72822
p	53356
d	44539
1	43469
s	43279
i	42030
c	40409
b	38757
l	37512
[	35241
k	33176
r	32307
?	31688
j	31338
<	29958
a	29184
h	28422
	27529
f	27196
t	25298
n	24530
%	23811
g	22787
,	22760
v	19954
;	19602
w	19497
123	17787
100	17571
z	14882
``	12485
{	11041
love	10954
2	10810
e	10690
3	9938
ch	9708
pbkdf1\	9369
`	9198
my	8361
y	8341
12	7752
..	7675
)	7642
5	7628
me	7068
pa	7058
4	6731
7	6539
q	6463
sha256\:10000\	6365
sh	6325
the	6186
tr	6158
8	5747
x	5642
k.	5628
di	5382
br	5332
u	5239
st	5227
o	5226
9	4973
6	4741
password	4714
alex	4708
ma	4642
l\	4625
gr	4559
...	4556
d1	4393
re	4318
1234	4222
--	4209
]	4203
bl	4157
dr	4097
big	4071
de	4054
0	4028
fr	3989
pr	3900
mi	3892
friend	3844
angel	3803
pass	3745
link	3712
pl	3711
11	3550
sam	3537
un	3530
chri	3522
r3	3483
fuck	3471
sp	3460
123456	3440
cr	3440
mari	3402
>	3347
13	3319
el	3318
la	3314
ca	3223
cl	3106
10	3078
jesu	3056
sexi	2952
vb	2943
john	2930
red	2918
19	2913
linkedin	2866
fl	2823
12345	2818
abc	2815
be	2811
1e+14\	2810
babi	2783
qwerti	2777
david	2776
th	2743
al	2711
mike	2698
le	2680
1,00001e+14\	2671
lpl	2662
jack	2616
max	2606
king	2603
aa	2567
li	2518
mar	2472
ilov	2472
d3	2468
mu	2467
blue	2447
23	2432
ja	2427
jame	2416
happi	2413
ba	2413
daniel	2403
ab	2397
admin	2396
fk	2389
nokia	2387
new	2379
star	2363
jo	2347
.	2346
21	2337
da	2333
22	2322
black	2315
juli	2278
sk	2248
ju	2242
as	2232
sa	2214
im	2186
in	2173
mr	2170
m1	2161
20	2158
\\	2155
ph	2148
lucki	2141
je	2139
/	2137
zk.	2130
am	2123
cat	2118
dj	2102
money	2089
an	2077
14	2073
tiger	2069
hello	2067
asd	2056
ali	2055
he	2047
appl	2037
we	2036
god	2016
sm	2012
wh	2003
15	2002
no	1992
rock	1961
dragon	1958
jordan	1946
qu	1944
jay	1943
super	1940
welcom	1916
ram	1912
dan	1912
anna	1886
123456789	1883
raj	1871
25	1870
lil	1868
sc	1865
asdf	1835
24	1829
man	1826
mama	1826
ro	1825
te	1822
ben	1816
tom	1796
michael	1789
green	1788
go	1778
ra	1778
hot	1772
17	1772
a1	1762
qaz	1747
maria	1731
ve	1727
toni	1714
ð	1707
kr	1705
18	1695
na	1677
hs	1665
co	1662
se	1662
mom	1660
abc123	1658
abcd	1644
ak	1642
qwe	1641
abhi	1639
pe	1633
ar	1625
sl	1615
sw	1613
andr	1612
soccer	1608
ru	1608
mo	1600
kj	1600
ad	1598
nick	1596
jess	1596
~	1591
india	1587
ka	1583
hf	1574
cth	1573
sex	1569
ana	1568
hi	1568
^	1567
cool	1566
ash	1559
luca	1556
san	1554
ann	1545
po	1537
justin	1535
com\	1534
ravi	1527
sweet	1525
pink	1523
ha	1518
master	1517
leo	1515
monkey	1513
1\	1512
16	1504
gu	1501
mm	1499
sun	1499
bo	1498
94.173.154.198\	1496
thoma	1491
99	1484
kevin	1479
iam	1478
andrew	1472
joe	1471
mark	1470
h3	1468
rahul	1462
bella	1462
con	1461
ryan	1458
matt	1455
summer	1445
cj	1444
f1	1441
jan	1440
amit	1438
rj	1431
zaq	1430
qwertyuiop	1426
kt	1426
smile	1419
nicol	1415
em	1414
princ	1403
bu	1401
carlo	1397
ms	1393
lo	1393
27	1391
sasha	1389
it	1388
rose	1381
life	1373
stockx	1373
dima	1371
c0n	1370
ss	1368
}	1360
gl	1359
you	1357
charli	1356
sai	1354
bob	1350
=	1349
dani	1349
samsung	1348
may	1345
b3	1340
_	1335
yt	1335
andi	1334
robert	1330
pf	1328
mon	1326
-	1323
vika	1323
sn	1322
qwer	1321
jose	1321
skype\	1319
zxcvbnm	1317
asdfghjkl	1307
uf	1306
lui	1305
jason	1301
ce	1297
gj	1293
bb	1293
don	1289
69	1288
paul	1287
ni	1286
cri	1285
b1	1285
harri	1283
adam	1283
ya	1283
amor	1282
kim	1268
01	1268
28	1258
william	1251
su	1249
soni	1249
jake	1249
eagl	1247
p1	1246
ale	1244
fa	1240
mel	1238
footbal	1238
tim	1237
dark	1233
lol	1231
rc	1231
honda	1226
sandi	1224
lili	1220
june	1220
sara	1219
1,00002e+14\	1219
home	1219
kri	1219
dc	1216
shadow	1215
ki	1211
26	1210
1qaz	1209
krishna	1207
2010	1199
fhn	1198
mc	1196
50	1195
michel	1194
sarah	1192
so	1188
fy	1187
andrea	1187
jj	1179
bh	1179
lj	1177
ami	1177
lu	1175
c0	1172
sunni	1172
chrc	1169
music	1168
anthoni	1164
honey	1163
ac	1163
dog	1160
ta	1158
test	1155
kati	1153
+	1152
good	1152
30	1150
yf	1150
bri	1148
luci	1143
fh	1143
josh	1143
kl	1138
tyler	1137
33	1137
c1	1134
ev	1131
dream	1130
hunter	1128
to	1123
vf	1123
kh	1122
peter	1122
ti	1118
simon	1117
dev	1116
juan	1115
emma	1113
april	1109
pari	1109
p0	1103
lisa	1100
r0	1100
martin	1099
crazi	1098
il	1098
jr	1097
grace	1095
jc	1095
matthew	1094
gabriel	1093
er	1093
marco	1092
killer	1092
143	1089
eric	1087
29	1086
ed	1081
ant	1081
cowboy	1080
rocki	1079
car	1079
jk	1076
5.254.105.20\	1073
get	1072
ilovey	1072
ga	1067
bear	1065
papa	1064
vijay	1064
joshua	1064
cooki	1063
free	1062
cf	1061
sammi	1059
buddi	1059
manu	1058
ke	1058
jeff	1057
georg	1054
kiss	1048
orang	1043
deni	1040
purpl	1037
ne	1036
qazwsx	1036
jm	1035
md	1034
mac	1033
ye	1029
famili	1026
jh	1025
live	1020
aj	1020
ds	1019
wa	1018
vi	1018
ahm	1018
peac	1017
fuckyou	1016
jen	1016
m3	1015
emili	1014
den	1009
molli	1008
jb	1006
31	1003
jenni	1002
yo	1002
fire	1001
all	999
pi	998
jessica	997
hpl	994
one	994
oliv	994
lena	994
ashley	993
willi	992
.com\	992
va	991
kk	991
qw	990
cb	990
mk	989
ladi	989
kumar	988
jacob	988
just	987
fu	985
danni	983
ranger	980
kitti	979
marin	979
will	979
ty	978
str	977
junior	976
hs\	976
jimmi	976
lord	973
luv	973
is	972
777	969
ajay	967
per	967
art	967
what	966
hg	965
mad	963
luc	962
zxc	960
joseph	958
princess	958
eli	958
batman	956
cc	956
julia	956
jasmin	955
om	954
laker	954
eu	954
frank	952
faith	952
kat	950
bobbi	950
hj	949
power	948
gh	947
laura	947
at	946
ge	945
lee	944
naruto	944
bill	941
77	940
sonu	938
nathan	937
alexi	936
ari	935
rob	934
taylor	933
pro	932
666	932
daddi	931
mustang	931
bell	929
dec	929
ghbdtn	927
bless	926
nb	925
09	925
lin	925
van	923
meg	918
anil	917
diamond	917
ctht\	915
bad	914
jon	912
fy\	910
hannah	909
flower	909
df	908
march	907
ap	906
mak	906
pat	905
job	902
chr	900
leon	900
sunil	899
deepak	896
sairam	896
bitch	896
moham	895
nik	892
bmw	890
bi	890
2011	889
s1	888
marina	885
lover	884
az	884
ivan	884
brian	883
fish	882
mb	881
amanda	880
oscar	880
victor	880
maggi	880
nice	879
ray	879
tommi	878
sd	877
sha1	876
mario	876
00	876
harley	875
vicki	875
dylan	875
88	875
superman	875
brandon	874
deep	874
winter	871
jp	870
or	867
pre	865
w3	865
sunshin	864
roman	863
hu	861
nat	858
gi	858
coco	856
basebal	854
ctht	854
hockey	853
aaron	852
silver	852
cm	852
mp	850
thi	848
linda	847
ytyfdb\	846
noah	846
nana	845
sy	844
rajesh	844
55	843
devil	842
vlad	841
tc	841
candi	840
dalla	840
321	840
mani	839
billi	838
fred	837
steve	837
cyt\	837
yfcn	833
1995	832
111	832
ganesh	832
vj	831
hari	831
gf	830
mj	830
t3	828
mother	827
90	827
qwert	826
sophi	826
do	825
1994	824
pussi	824
ag	823
sachin	823
jd	821
august	820
chang	818
jessi	817
jim	816
ah	816
j0	816
raider	814
kelli	813
1996	812
fe	812
edward	812
ethan	812
bk	811
priya	811
dd	810
yanke	808
p3r	807
pu	806
skype	806
dave	806
googl	805
london	805
rom	804
p4	803
alpha	801
07	801
diana	799
charl	799
natali	798
patrick	798
tw	797
sr	797
ani	797
lion	796
cs	795
rf	795
info	795
ry	793
asdfghjkl\	792
yflt\	792
steven	791
yahoo	789
freedom	789
magic	789
tu	788
miss	788
sweeti	788
luke	788
dct	787
nike	787
rm	786
cd	785
du	785
samuel	783
vjq	782
sanjay	781
if	781
bruno	780
forev	780
cherri	780
anni	780
rich	780
m4	778
rohit	777
panda	776
kyle	775
elena	774
cyt	774
chloe	774
richard	774
pedro	773
raja	772
anu	771
maddi	770
non	770
rk	769
ankit	769
arun	768
eddi	767
henri	766
cha	766
arsen	766
dad	765
mickey	765
ken	763
daisi	763
met	762
diego	762
mich	762
bubbl	762
austin	762
logan	762
dell	761
azerti	761
rh	760
ho	758
08	758
45	755
teddi	752
manoj	752
pinki	751
secret	751
texa	750
wolf	750
girl	749
moon	749
nikki	748
alina	748
titan	747
hp	746
mimi	746
johnni	746
ford	746
db	745
jojo	745
anim	744
ps	744
adrian	744
http\	742
ks	742
abbi	742
kb	741
gfhjkm	741
rjn	740
si	740
myspac	740
yflt	740
ur	737
34	736
pb	736
sb	736
l3	736
kate	735
nikita	735
ko	734
octob	734
pr3	732
work	732
qq	732
jacki	732
1987	731
sri	729
danc	728
sean	728
km	727
rachel	726
ghj	724
hope	724
ace	724
lf	724
rubi	723
rene	723
nt	723
1q	723
g1	722
olga	722
raju	721
id	720
alexand	720
best	720
gold	719
tigger	719
nata	717
denni	717
karen	716
123qwe	716
joy	716
buster	715
p3	715
03	714
basketbal	714
fi	714
win	714
roma	713
gabi	713
queen	713
02	713
tina	711
tri	711
han	710
success	710
89	710
pokemon	709
monster	709
s7	709
window	709
n0n	708
antonio	708
roxi	706
igor	704
en	703
bailey	702
joker	702
ashish	700
ang	700
nov	699
ol	698
1989	697
www	697
cu	697
kiran	697
06	696
1992	696
1993	695
pp	694
pimp	694
amber	694
manish	694
js	693
a\	693
codi	693
beauti	692
allah	692
cam	691
rb	691
twin	691
white	690
yfcnz	690
au	689
op	689
liz	689
1991	688
dh	688
falcon	688
dom	688
007	687
nina	687
peanut	687
jackson	687
alli	686
bc	686
1997	686
ll	684
jerri	684
mer	683
shiva	682
mommi	682
real	682
ytyfdb	681
megan	680
indian	680
dm	678
jeremi	677
boy	677
aditya	676
ron	676
jami	676
sport	673
32	673
1a	672
78	672
nicola	671
dee	670
carol	670
alic	669
asdfjkl	669
12345678	668
jean	667
dk	666
joel	666
scott	665
joey	665
rs	665
tanya	665
morgan	664
brook	664
kill	664
j3	663
iluv	662
and	662
rfn	662
44	662
tran	662
miguel	662
ginger	661
us	660
rakesh	660
omar	660
ik	660
yellow	660
b0	659
1m	658
marcu	658
panther	657
1990	657
2009	657
mini	656
s3	656
mason	656
ice	655
bj	654
last	654
game	654
luna	654
sexo	653
young	653
spring	652
jl	652
chelsea	651
aman	651
tata	650
lk	649
dre	649
tobi	648
pop	648
786	647
zx	647
boo	646
raven	646
angela	646
sandra	645
nj	645
mia	644
bulldog	643
ep	643
1986	643
ct	642
duke	641
america	640
05	640
jai	640
af	638
ashu	638
vishal	638
anton	637
mylov	637
warrior	636
av	635
secur	635
bubba	634
t\	634
123abc	634
mt	634
zaq1	633
baba	633
robin	633
cfif	632
lovem	632
wr	632
zxcv	632
mg	631
web	631
sch	630
sagar	630
pk	629
gm	629
cooper	629
adida	628
bunni	628
shiv	628
dasha	628
rfnz	628
lm	627
letmein	626
sami	626
lilli	625
med	625
ass	625
bull	624
bre	624
nastya	624
1000	624
hors	623
mh	622
water	622
littl	622
vl	621
hotti	621
xt	621
demon	621
space	620
minni	620
mahesh	620
hey	620
kay	619
passw0rd	619
aaa	618
jkl	618
ns	618
madhu	618
fox	618
ariel	617
gaurav	616
roger	615
tj	615
suprem	615
ai	615
ih	614
kn	613
1234567	613
1988	613
pepper	612
destini	611
sneaker	610
julian	610
melissa	609
jam	608
che	608
lh	606
mat	606
ashok	604
cn	604
vivek	604
lb	604
vike	603
jt	603
ri	602
gt	602
boss	602
mn	601
del	601
golf	601
gb	600
jun	599
lauren	599
sha	599
net	599
natasha	598
dolphin	598
math	598
pankaj	598
1985	597
olivia	597
anand	597
jonathan	597
steph	596
marc	596
lola	596
g0	595
holli	595
35	595
ricki	594
fat	593
m0n	593
gener	593
akash	593
kid	592
snoopi	591
yamaha	590
lala	590
fun	590
terri	589
ira	589
vk	587
ver	587
jennif	587
'	587
novemb	586
number	586
1998	586
jul	585
top	584
amma	584
singh	584
rr	584
val	583
lg	583
sandeep	582
phoenix	581
04	581
saint	581
ili	581
neha	580
kc	580
teamo	580
chi	579
cash	578
feb	578
alan	577
maya	576
fli	575
98	575
gcb	575
pooja	575
jade	574
isabel	574
oct	573
56	572
vfvf	572
loui	572
tt	572
hola	571
rudi	571
qwe123	570
whi	570
mexico	570
bm	569
sj	569
l1	569
let	568
liverpool	568
puppi	568
matrix	568
ser	566
kiki	566
oh	565
januari	564
hous	564
vt	564
decemb	563
knight	563
rad	563
bd	563
dp	562
heart	562
school	562
badoo	562
lulu	562
banana	561
za	561
missi	560
newyork	560
h0	560
tm	559
smart	559
comput	558
1234567890	558
chocol	557
ck	557
cameron	557
liza	557
madison	556
sta	556
jane	555
liam	555
lt	555
gs	554
pirat	553
nichola	553
ok	551
anita	551
adm	551
artem	550
sol	550
up	550
jazz	549
by	549
west	549
nico	548
jona	548
peach	548
nm	547
chiva	547
kd	547
rt	547
lp	547
mona	547
baller	546
gemini	546
chevi	546
santosh	546
pm	546
kenni	545
delta	544
sg	543
spider	543
dim	542
troy	542
rosi	542
shorti	542
boston	542
xxx	540
helen	540
rainbow	540
angi	540
shop	540
patti	538
stella	538
eve	538
moc.oohay	537
lastfm	537
suresh	537
rick	537
eva	537
shane	536
kayla	536
christian	536
awesom	535
mandi	535
not	535
connor	535
death	534
jasper	534
199.59.162.43\	533
unit	533
lexi	532
adi	532
aw	532
ae	532
saibaba	532
sadi	532
great	531
ronaldo	531
789	531
2008	531
chase	531
cute	530
v1	530
ninja	530
felix	529
cuti	528
....	528
monica	528
bryan	528
ml	527
khan	527
kp	527
brown	527
ren	527
elli	527
oleg	525
000	525
celtic	525
bandit	525
sid	524
tb	524
andrey	523
thunder	523
deb	522
c4	522
ex	522
54	521
irina	521
travi	519
m0	518
lynn	517
ob	517
ghost	517
wang	517
xx	516
isa	516
manuel	516
ts	515
greg	515
over	515
masha	515
es	515
chicago	515
555	514
wtf	514
myworld	514
edu	513
open	513
ball	512
pft	512
golden	512
tenni	512
mag	512
pc	512
ly	511
q1	511
guitar	511
audi	510
bs	510
long	509
ohg	509
n0	509
pol	509
sv	508
gari	508
nf	508
randi	508
emo	508
gg	507
nitin	507
kamal	506
brandi	506
hb	506
victori	505
jet	505
phil	505
elvi	505
save	504
cindi	504
omg	504
1q2w3e	504
shoe	504
caleb	504
sim	504
neo	504
b4	504
chicken	503
zach	503
pizza	503
dinesh	503
look	503
babe	503
1984	502
roy	502
jayden	502
gk	502
min	501
riley	501
mika	501
sumit	501
shi	501
nh	501
rav	500
hell	500
jg	499
vjz	499
40	499
steeler	499
siva	498
nani	498
can	498
80	498
fran	497
yu	497
66	497
benjamin	497
stock	496
jorg	496
iloveu	496
sophia	495
l0	495
mor	495
aug	494
cap	494
e\	493
456	493
amar	493
zz	493
ramesh	493
babu	492
pra	492
play	492
momo	492
son	492
fc	491
yash	491
200	491
elijah	491
davi	491
mick	491
kobe	491
pretti	490
blood	490
101	490
winner	490
newlif	489
1999	489
bronco	489
sugar	489
need	488
mango	488
vova	488
ferrari	487
95	487
1qaz2wsx	487
nate	487
cp	487
ea	487
pooh	486
mohit	486
mukesh	486
punk	486
42	486
armi	485
dy	485
joyc	485
dude	485
rocket	484
wildcat	484
tre	484
romeo	483
allen	483
mil	483
barbi	481
dodger	481
mysp	481
brooklyn	481
gabbi	481
turtl	481
vic	481
evan	481
samantha	480
/.	480
asd123	480
dakota	480
albert	480
ich	480
shubham	480
halo	479
wed	479
87	479
franc	479
rita	478
tara	477
snow	477
vik	476
abhishek	476
lovey	476
harsh	475
lera	475
ian	475
krish	475
eugen	475
sassi	474
sanju	474
spike	473
sergio	473
fuckoff	473
satya	472
run	472
rain	472
wi	472
monday	471
champ	471
benni	471
dead	471
sky	471
wayn	470
pd	470
vinay	470
vs	470
nanci	469
caro	469
bar	469
rafael	469
k1	469
allan	469
moi	468
ls	468
zhang	468
merced	467
gizmo	467
metal	467
old	467
felip	467
wow	466
gator	466
lost	466
moni	465
mikey	465
dw	465
ia	465
mohan	464
betti	464
1983	464
polo	464
time	464
giant	463
rebel	463
canada	463
fre	462
hacker	462
ir	462
comp	461
for	461
franci	461
ek	461
zoe	461
moh	461
hy	460
iv	460
heaven	460
kf	460
tink	460
sem	459
aq	458
ronni	458
spartan	458
blbyf	458
para	458
prakash	458
franki	457
keke	457
xavier	457
milan	457
333	457
susan	457
rama	456
2012	456
indi	456
maxim	456
manju	456
hawk	456
arthur	456
ketain	456
cre	456
xyz	455
rey	455
royal	455
casey	455
nikhil	454
fg	454
vanessa	454
usarmi	454
misti	454
pan	454
avi	454
serg	453
light	453
login	453
sofia	452
hk	452
rosa	452
smokey	452
muffin	452
ahmad	452
vinod	452
pw	451
nic	451
vin	451
buck	450
diva	450
larri	450
lakshmi	450
m3t	450
penni	450
j4	450
sveta	449
pr0	449
rd	449
tay	449
erin	449
rebecca	448
naveen	448
f4	448
world	448
tan	447
sharon	447
system	447
jw	447
74	447
dana	446
guru	446
et	446
viper	446
kar	445
52	445
fo	445
91	445
43	445
1love	445
phi	444
92	444
nelli	444
help	443
1q2w3e4r	443
romi	443
mart	443
blake	443
redsox	443
lv	442
prem	442
omega	442
dg	442
suzi	442
eminem	441
asdfg	441
dl	441
stephen	441
mal	441
fm	441
ec	441
vincent	441
alena	441
dt	440
septemb	440
159	440
cassi	440
pj	440
mylif	440
born	440
emm	439
make	439
hr	439
ski	439
crystal	438
f3	438
casper	438
grand	438
fkm	437
rafa	437
pablo	437
scorpio	437
password1	437
sin	437
ghjcnj	436
maa	436
rp	436
67	436
lc	436
freddi	436
pakistan	436
christ	436
katya	436
amir	435
chen	435
75	435
jkt\	435
venu	435
mir	434
wo	434
karina	434
yatra	434
jkt	434
on	433
brad	433
denis	433
hm	433
par	433
d3v	433
alicia	433
nicki	432
ku	432
tweeti	432
ld	432
sparki	432
milli	431
triniti	431
sydney	430
tech	430
cg	430
cv	430
57	430
mf	429
simba	429
chees	429
carter	429
divya	429
ny	429
hh	429
victoria	428
1982	428
93	428
fb	428
alyssa	428
suman	428
hallo	427
hero	427
sonic	427
bart	427
kaka	427
bug	427
hugo	427
bonni	426
dav	426
philip	426
butterfli	426
malik	426
lina	426
ov3r	426
matti	426
lizzi	426
barcelona	425
jenn	425
shelbi	425
usa	424
duck	424
rat	424
lolo	424
sf	424
ilovem	423
cali	422
abel	422
nu	422
keith	422
suraj	422
maverick	422
bebe	422
reg	422
heather	422
shawn	422
passion	422
36	421
she	421
nissan	421
ci	421
sept	421
tk	420
sou	420
prasad	420
sree	420
fylh	420
shan	420
kick	420
drew	420
karan	419
2b	419
bball	419
trust	419
rusti	419
cal	419
log	418
brenda	418
mummi	418
sonia	418
tp	417
boomer	416
scorpion	416
badboy	416
toyota	416
char	416
panic	416
e1	416
len	416
yb	416
sen	415
wilson	415
venkat	415
cy	415
china	415
call	414
zero	414
facebook	413
asdfgh	413
omsairam	413
nk	412
94	412
patriot	412
bg	412
pearl	412
singl	412
ger	412
domin	412
tucker	411
coca	411
surya	411
player	411
shree	410
dick	410
cole	410
pin	410
85	409
storm	409
aiden	409
iphon	409
starwar	408
ht	408
alway	408
parol	408
messi	407
m3g	407
andrei	407
river	407
jf	406
your	406
jare	406
scoobi	405
babygirl	405
bam	405
cupcak	405
84	405
qwerty123	405
devin	405
pri	405
fer	405
bala	404
tiffani	404
pradeep	404
wendi	403
isaiah	403
line	403
96	403
shadi	403
cheer	402
64	402
salli	402
simpl	402
76	402
erik	401
jazzi	401
shivam	400
mahi	400
420	400
4ever	399
ricardo	399
how	399
oi	399
isaac	399
vale	399
r0m	399
ff	398
bank	398
999	398
wild	398
marley	398
cougar	398
shark	398
60	398
ddd	398
sergey	397
eduardo	397
penguin	397
scr	397
misha	397
satish	397
mine	397
68	396
geniu	396
rap	396
kathi	396
ww	396
her	396
enter	396
cla	396
jv	395
scooter	395
britt	395
santo	395
parker	395
bruce	395
86	395
gun	394
manni	394
sub	394
network	394
dem	394
poop	394
dean	394
pen	394
aryan	394
kev	394
r4	393
miami	393
niki	393
friday	393
polic	393
fylhtq	392
shit	392
packer	392
anjali	392
jone	392
gd	392
lou	391
dexter	391
cfi	391
vampir	391
97	390
balaji	390
mail	390
m3d	390
arjun	390
serega	390
rec	389
men	389
temp	389
cub	389
iri	389
netlog	388
83	388
suck	388
merlin	388
fd	388
212.25.121.22\	388
never	388
akshay	388
engin	388
connect	388
julio	387
yan	387
monika	387
javier	387
38	387
card	386
sabrina	386
pickl	386
kg	386
n3	386
graci	386
smith	386
hd	386
luka	386
meli	386
jag	386
skate	386
poker	385
intel	385
praveen	385
playboy	385
der	385
santa	385
lara	385
user	384
die	384
tru	384
frog	384
shreya	384
70	383
alek	383
sharma	383
usmc	383
aida	383
start	383
walter	383
vivi	383
colt	383
65	383
sebastian	383
h4	382
jaguar	382
butter	382
bond	382
sep	382
bharat	381
mile	381
cobra	381
sue	381
gp	381
zack	380
poppi	380
vega	380
seven	380
leg	379
vishnu	379
mz	379
pt	379
jord	378
class	378
ib	378
sakura	378
roberto	378
mont	377
navi	377
robbi	377
louis	377
flash	377
nfyz	377
vera	377
angelo	376
zh	376
redskin	376
hum	376
patricia	376
nelson	376
jaya	376
que	375
abdul	375
rockstar	375
dant	375
79	375
46	374
pooki	374
hard	374
fernando	374
1980	374
mana	374
bhbyf	373
pawan	373
pepsi	373
s+	373
leonardo	373
ng	373
w4	373
carl	373
73	373
chuck	373
air	373
abcd1234	372
dolli	372
rg	372
1b	372
51	372
ella	372
sar	372
ric	372
melani	372
gunner	371
lun	371
priyanka	371
rabbit	371
n1	371
seb	371
mw	371
linkin	371
lewi	370
retir	370
charger	370
command	370
bra	369
ell	369
lorenzo	369
eg	369
shri	369
sierra	369
pet	369
yang	369
sahil	368
race	368
amin	368
n3w	368
kiril	367
suzuki	367
2000	367
ask	367
surf	367
today	366
torr	366
tl	366
snake	366
dimon	366
gavin	366
hanuman	366
lotu	365
carmen	365
travel	365
tiff	365
traci	365
47	365
book	364
2007	364
ky	364
geo	364
war	364
rohan	363
milo	363
irjkf	363
inter	363
derek	363
hl	363
fast	363
paula	362
maxi	362
1s	362
key	362
ocean	362
doctor	362
gloria	362
sand	362
yogesh	362
kam	361
mic	361
nd	361
rev	361
coffe	361
bp	361
busi	360
vip	360
softbal	360
nadia	360
johnson	360
abi	360
72	360
ste	360
danger	360
1981	359
madi	359
swami	359
vie	359
nika	359
ji	359
agent	359
xb	359
37	359
bt	359
53	359
equ	359
cisco	358
aaaa	358
shashi	358
lex	358
ruben	358
psalm	358
onlin	358
clair	358
beth	358
timmi	357
chief	356
sasuk	356
c0mp	356
chou	356
dn	356
chico	356
apr	356
sad	356
team	356
miller	356
iren	356
lbvf	356
1n	356
vecter	355
flo	355
58	355
rel	355
fall	355
raghu	354
nfi	354
creativ	354
chant	354
ayush	354
1l	354
jana	354
vit	353
r3l	353
stone	353
calvin	353
puma	353
park	353
gc	353
day	353
claudia	353
har	352
nn	352
kw	352
levi	352
jyoti	352
hj\	352
pete	352
kitten	352
sat	352
sup	352
hammer	352
mega	352
3m	352
bud	351
adri	351
wesley	351
alfa	351
code	351
qweasd	351
dancer	351
ramon	351
spr	351
reddi	351
miki	350
hem	350
casa	350
south	350
sk8	350
sal	350
cesar	350
ay	350
hawaii	350
vv	350
doggi	350
ze	349
brasil	349
murphi	349
island	349
tg	349
.\	348
stef	348
l3g	348
zachari	348
mois	348
82	348
ganesha	348
qa	348
archi	348
nisha	347
mohd	347
beast	347
thom	347
mai	347
chanc	347
oreo	347
lali	347
eat	347
2006	346
legend	346
1111	346
houston	346
r1	346
pavan	346
lebron	346
khushi	345
varun	345
diesel	345
gre	345
elizabeth	345
owen	345
zombi	344
lemon	344
seba	344
chester	344
tania	344
aa1	344
a2	343
987	343
jude	343
yy	343
kot	343
lesli	343
loser	343
mik	342
goldi	342
zk	342
asshol	342
gmail	342
1h	342
nc	342
ve\	342
5h	342
night	341
smiley	341
must	341
isabella	340
monti	340
vfif	340
chad	340
bobo	340
saurabh	340
patch	340
ecgt	340
hate	340
bigboy	339
uh	339
48	339
manchest	339
parti	339
donna	339
who	338
dale	338
dougla	338
perfect	338
radha	338
stupid	338
soleil	338
mv	338
tr4n	338
diablo	337
iw	337
t1	337
natalia	337
41	337
dian	337
yana	337
rl	337
amo	337
g3	337
39	337
rn	336
more	336
izzi	336
sea	336
shyam	336
eb	336
yogi	336
beach	335
nessi	335
bab	335
hack	335
booboo	335
erika	335
kunal	335
zebra	335
jn	335
valeri	335
jac	335
janu	334
corey	334
mack	334
peopl	334
neopet	334
cor	333
christoph	333
cw	333
chanel	333
chip	333
marri	333
ee	333
ola	332
student	332
lexu	332
toma	332
joao	332
chan	332
fyz	332
td	332
timo	332
um	332
uk	332
colin	331
kira	331
digit	331
benji	331
gui	331
sir	331
hunt	331
onli	331
root	331
chandra	331
global	331
tin	331
speed	331
kai	331
sale	330
l0ve	330
daniela	330
zy	330
hou	330
seth	330
iron	330
haha	330
spencer	329
winston	329
cricket	329
swati	329
kishor	329
m4r	329
wan	328
tree	328
bori	328
koko	328
kel	328
smoke	328
62	327
moos	327
wer	327
doc	327
sona	327
averi	326
pamela	326
wonder	326
mazda	326
fucku	326
harish	326
com	326
ham	326
luck	325
yanni	325
mous	325
swim	324
z\	324
genesi	324
autumn	324
tit	324
shannon	324
senha	324
dar	324
1q2w	324
81	324
m3l	324
florida	323
futur	323
123321	323
design	323
pwd	323
1975	323
track	323
dio	323
g4	323
bone	323
ic	323
drum	323
viru	322
spiderman	322
nur	322
bel	322
sum	322
fresh	322
donald	322
pasha	322
vfrcbv	322
trevor	322
hotmail	321
ej	321
dodg	321
karthik	321
atul	321
elmo	321
p0l	321
1978	320
brave	320
mobil	320
offic	320
popcorn	320
compaq	319
bullet	319
bro	319
sudha	319
r3d	319
tyson	319
teja	319
liu	319
alejandro	318
pla	318
godi	318
d\	318
speedi	318
fan	318
fine	318
hayden	318
br3	318
bn	318
pal	317
infi	317
zac	317
chandu	317
cadeau	317
teresa	317
arm	317
neeraj	317
prashant	317
woaini	317
kristina	317
marti	317
cancer	317
mam	317
slim	317
und	316
ammu	316
target	316
yj	316
f0	316
rana	316
bean	316
solo	316
lind	316
kit	316
dada	316
fluffi	316
philli	316
loc	316
paulo	316
eleph	316
159753	315
shine	315
mmm	315
galaxi	315
1979	315
5t	315
apollo	315
hariom	315
blais	314
1977	314
kristi	314
seren	314
ruth	314
r0ck	314
mr.	314
mum	314
tristan	314
sz	314
alberto	314
nurs	314
valentin	313
raymond	313
juju	313
b\	313
zeu	313
59	313
carolin	313
jkz	313
mami	313
hassan	313
flame	313
ava	312
pg	312
libra	312
irish	312
virgo	312
freak	312
123123	311
c3	311
vadim	311
loan	311
vinni	311
cosmo	310
eye	310
chao	310
willow	310
shay	310
riya	310
utep	310
ine	310
joh	310
v3	310
feder	309
1st	309
ii	309
gato	309
bea	309
lynda	309
mumbai	309
r3c	308
focu	308
naresh	308
basket	308
jkl\	308
ws	308
juventu	308
ara	308
fatima	308
calin	308
t0	308
aud	308
spirit	308
tam	307
gigi	307
fill	307
lock	307
sss	307
elia	307
3r	307
v3r	307
dino	307
bat	306
ln	306
toto	306
vfhbyf	306
rambo	306
twilight	306
hector	306
tasha	306
8r	306
nirvana	306
acc	306
erica	306
think	306
gina	305
bianca	305
gn	305
k3	305
fuckm	305
ozzi	305
internet	305
bla	305
edgar	305
blade	305
fucker	305
debbi	305
eh	305
radio	305
camila	304
brother	304
wood	304
florid	304
doit	304
chandan	304
h0r	304
tank	304
berri	303
seo	303
carolina	303
1974	303
1972	303
niko	303
natur	303
shah	303
astro	303
winni	303
far	303
univers	302
stephani	302
pam	302
santi	302
bird	302
rodrigo	302
71	302
yfnfif	302
disney	302
paig	302
iceman	302
stop	301
citi	301
mado	301
gucci	301
tha	301
chr1	301
becki	301
trojan	301
m0r	301
63	301
chetan	301
hitman	301
charm	301
garcia	300
mah	300
61	300
ble	300
12qw	300
jerom	300
sneha	299
1976	299
a8	299
camaro	299
marcel	299
sunday	299
cow	299
fs	299
deepu	299
gen	299
13579	299
back	299
gw	299
fr3	299
fri	299
him	298
tra	298
dv	298
moniqu	298
vero	298
din	298
equip	298
1p	298
ankur	297
account	297
manag	297
lone	297
tito	297
kolkata	297
tini	297
skater	297
tammi	296
tango	296
tv	296
rem	296
hotdog	296
richi	296
chel	296
alok	296
poo	296
zxcvb	296
cloud	296
h1	296
kir	295
timothi	295
3d	295
trey	295
christi	295
147	295
are	295
ruslan	294
zxcvbn	294
aditi	294
kent	294
moe	294
io	294
taz	294
faustin	294
liberti	294
box	294
tinker	294
jewel	294
blaze	294
boom	294
barbara	294
pepe	293
888	293
fin	293
squ	293
dont	293
wipro	293
delhi	293
emi	293
mila	293
password123	293
2001	293
adel	292
jonni	292
leah	292
monu	292
tori	292
520	292
orion	292
marvin	292
mina	291
jaimatadi	291
alexandr	291
funni	291
1973	291
pavel	291
ktyf	291
sofi	291
1t	291
venki	291
lw	291
emmanuel	291
rv	291
madou	290
taco	290
lori	290
collin	290
rishi	290
fender	290
sana	289
jy	289
1d	289
kv	289
captain	289
preeti	289
pramod	289
stefan	289
bon	289
rawr	289
nasti	289
huski	289
whatev	289
w1	288
dimi	288
tati	288
gopal	288
eth	288
myp	288
1c	288
arch	288
racoon	288
vm	288
1970	288
jer	288
random	288
fab	288
d5t	287
aka	287
regina	287
jule	287
janet	287
tex	287
jaden	286
devi	286
moo	286
maksim	286
rani	286
mitch	286
rod	286
element	286
angelina	286
vida	286
stan	286
nr	286
layla	285
234	285
kennedi	285
qwer1234	285
fj	285
manutd	285
dollar	284
avinash	284
kenneth	284
np	284
asu	284
d4	284
zoosk	284
bigdog	284
rjk	284
nan	284
sameer	284
asha	284
artur	284
wm	283
melodi	283
dr3	283
stalker	283
camil	283
flor	283
mau	283
truck	283
heidi	283
law	283
a3	283
s0	282
joann	282
jeffrey	282
z1	282
drake	282
laxmi	282
damian	282
weed	282
t4	282
maximu	281
metallica	281
gene	281
micki	281
fashion	281
anderson	281
p\	281
loco	281
north	281
ind	280
cdj	280
under	280
cori	280
lfif	280
jeep	280
j0n	280
gabe	280
mae	280
babyboy	280
ut	280
ten	280
fkbyf	280
aspir	280
bismillah	280
alexandra	280
ronald	280
ub	280
s3m	279
anuj	279
cthutq	279
irock	279
ak47	279
josi	279
well	279
abcdef	279
vision	279
special	279
d0m	278
mitchel	278
nova	278
babel	278
maha	278
johan	278
exp	278
rashmi	278
sniper	278
georgia	278
high	278
vo	278
bobcat	277
poonam	277
dusti	277
uma	277
au\	277
g0d	277
rach	277
poli	277
0r	277
inna	277
gem	277
zse	276
holi	276
xy	276
654321	276
xe	276
gr8	276
wizard	276
mayank	276
gustavo	276
elain	276
amb	276
a123	276
rio	276
49	276
j1	276
step	275
jamal	275
samson	275
volvo	275
judi	275
arvind	275
vh	275
nidhi	275
asa	275
yasmin	275
jamai	275
anshu	275
gwada	275
want	274
brodi	274
dixi	274
bee	274
jump	274
1234qwer	274
nin	274
slava	274
ajit	274
access	274
tn	274
vp	274
qaz123	273
911	273
bike	273
rex	273
miranda	273
got	273
copper	273
tarun	273
brianna	272
chinnu	272
jaim	272
saxo	272
doug	272
znt	272
alexa	272
final	272
pie	272
easi	272
fifa	272
maxwel	272
wil	271
energi	271
vini	271
nati	271
mur	271
noth	271
raul	271
bingo	271
kool	271
tushar	271
justic	271
12qwaszx	271
ran	271
piyush	271
homer	271
bw	271
yoyo	270
susi	270
dawn	270
orlando	270
pebbl	270
pleas	270
+-	270
santiago	270
fabio	270
fv	270
3l	270
sur	270
oli	270
wu	270
barney	270
nav	269
d3c	269
jenna	269
oper	269
vish	269
acer	269
infin	269
unicorn	269
ret	269
sanya	269
cr0	269
nil	269
vc	269
olli	269
polina	268
blacki	268
kapil	268
cathi	268
lr	268
lanc	268
dieu	268
nascar	268
ft	268
2002	268
|	268
charlott	268
gio	268
edwin	268
222	268
abigail	267
ashton	267
samir	267
erick	267
beto	267
jodi	267
denver	267
noodl	267
woodi	267
d3l	267
bradi	267
akhil	267
elvina	267
titi	266
sing	266
soc	266
jkmuf	266
champion	266
market	266
0p	266
sandr	266
addi	266
kimberli	266
porsch	265
vikram	265
sephora	265
qwerty1	265
bravo	265
gregori	265
gloir	265
kamel	265
mohammad	265
.kz	265
ig	265
lik	265
bellou	265
evil	264
dina	264
umesh	264
coke	264
viva	264
bradley	264
pumpkin	264
audrey	264
reggi	263
rw	263
scotti	263
madrid	263
vinc	263
wl	263
rajan	263
craig	263
t0m	263
hailey	263
aidan	263
noel	263
cr3	263
train	263
a1b2c3	263
midnight	263
dori	263
lacross	263
500	263
viktor	263
nene	263
sbi	263
face	263
avatar	262
seema	262
micro	262
sister	262
thank	262
anabel	262
concert	262
r3t	262
lov	262
cerf	262
poul	261
pimpin	261
million	261
danil	261
nl	261
kari	261
ef	261
carla	261
marshal	261
pierr	261
ter	261
ironman	260
abhay	260
ghb	260
def	260
yjdfz	260
wy	260
gy	260
th3	260
assassin	260
glori	260
c0nt	260
ladybug	260
grant	260
rj\	260
blbntyf	260
phone	260
slayer	260
l4	260
person	260
damien	259
axel	259
pranav	259
froggi	259
violet	259
bass	259
marta	259
phantom	259
jeremiah	259
wj	259
bibou	259
chantou	259
kelsey	259
shankar	259
2003	258
perl	258
fra	258
eng	258
satyam	258
pred	258
ballin	258
strong	258
gra	258
givenchi	258
zzz	258
y3	258
re1	258
evelyn	258
rivier	258
2005	258
haley	258
java	258
bf	258
slipknot	258
tanner	258
lolita	258
chinna	258
fabian	258
theo	257
alon	257
come	257
ziggi	257
qazxsw	257
tigr	257
imran	257
lancer	257
zazou	257
alin	257
donkey	257
vaibhav	257
naomi	257
kissm	256
wind	256
opium	256
nikola	256
holiday	256
realmadrid	256
anurag	256
howard	256
buckey	256
d0	256
gangsta	256
courtney	256
ama	256
k0	256
''	256
veronica	256
portug	256
esther	255
wei	255
1w	255
jin	255
scout	255
eglis	255
hema	255
wp	255
linou	255
meme	255
bang	255
kiwi	255
mission	255
deu	255
moto	254
savag	254
avion	254
l0v3	254
thebest	254
meu	254
xsw	254
medic	254
oksana	254
amigo	254
rip	254
nilesh	254
buffi	254
135	253
wing	253
sasa	253
aggi	253
canon	253
pepin	253
lopez	253
baloo	253
1969	253
rak	253
h0u	253
nena	252
dip	252
cook	252
mano	252
1q2w3e4r5t	252
dil	252
r3g	252
street	252
cynthia	252
asdf1234	252
giovanni	252
parth	252
mara	252
karma	252
manou	251
q1w2e3r4	251
blah	251
christin	251
mybabi	251
vg	251
yt\	251
lar	251
colleg	251
sab	251
lalit	251
lake	250
aku	250
anto	250
noun	250
nadin	250
dam	250
shelli	250
burn	250
blazer	250
bouzou	249
jain	249
bert	249
alisa	249
zt	249
spark	249
mariana	249
matteo	249
var	249
port	249
porn	248
l0c	248
mister	248
s2	248
act	248
110	248
father	248
dilip	248
knick	248
kal	248
shweta	248
zl	248
ew	248
bru	248
alix	248
jupit	248
broken	248
mira	248
wt	248
preciou	248
lana	248
adr	247
sherri	247
luk	247
fiona	247
paco	247
herm	247
kurt	247
trombon	247
bryce	246
walker	246
cardin	246
steel	246
yeah	246
sgirl	246
phillip	246
hit	246
social	246
sham	246
russel	246
omsai	246
oracl	246
dia	246
shell	246
skylin	246
wisdom	246
os	246
rfr	245
croco	245
karl	245
paola	245
ax	245
adriana	245
komal	245
roshan	245
megha	245
east	245
nigga	245
anana	245
tax123456	245
dx	245
miracl	245
ankita	245
februari	245
1qazxsw	244
s\	244
som	244
berlin	244
div	244
gang	244
lan	244
hfaf	244
montana	244
ralph	244
harsha	244
jaylen	244
sunita	244
cdflm	244
echo	244
band	244
quero	244
chic	244
noki	243
tarheel	243
dora	243
vyt	243
.....	243
cadeaux	243
minecraft	243
dirti	243
educ	243
main	243
bv	243
killa	243
dbrf	243
devon	242
hand	242
ade	242
carri	242
sap	242
hamza	242
2d	242
darl	242
anya	242
thor	242
dubai	242
rememb	242
countri	242
300	242
baxter	242
123asd	242
airtel	242
harmoni	242
alien	241
salman	241
shruti	241
gab	241
tar	241
mot	241
rekha	241
og	241
vr	241
calli	241
ritu	241
m1ch	241
mabich	241
zen	241
footb	241
fadila	241
zoey	241
deepa	240
91.157.33.9\	240
gfhb	240
yeezi	240
meena	240
r3v	240
ton	240
yh	240
appu	240
danser	240
nichol	240
pitbul	240
bujhm	240
wb	240
soul	240
matheu	239
hc	239
kali	239
aaliyah	239
alma	239
a4	239
peyton	239
vanou	239
z3	239
humour	239
england	239
hz	239
kerri	239
nhf	239
durga	239
mou	239
sagess	239
wwe	239
est	239
vfrc	238
boogi	238
dfi	238
domino	238
photo	238
camp	238
rugbi	238
mob	238
dedel	238
369	238
darren	238
000webhost	238
blondi	238
s4	238
bibi	238
hor	238
jelli	238
mustafa	237
vasu	237
martina	237
l0g	237
hel	237
helpm	237
chin	237
miley	237
nad	237
cami	237
fabi	237
a1b2c3d4	237
kara	237
gordon	237
tani	237
japan	237
k2	237
n0t	237
abu	237
qazwsx123	236
waheguru	236
lea	236
remi	236
1r	236
cbi	236
rinku	236
dodo	236
milk	236
damour	236
dustin	236
yfnf	236
mariah	236
mit	236
rep	236
allstar	235
sparkl	235
eugeni	235
runner	235
amelia	235
hornet	235
tab	235
chemin	235
like	235
xc	235
tulip	235
h\	235
loki	235
egor	235
roni	234
aziz	234
antoni	234
soy	234
burkina	234
loulou	234
4r	234
stanley	234
troubl	234
abcd123	234
kyli	234
xu	234
career	234
rocker	234
qwaszx	234
siemen	234
memo	234
rico	234
ban	234
cyber	234
ip	234
lego	233
marku	233
123\	233
merci	233
germani	233
tf	233
curti	233
micha	233
joan	233
foxi	233
true	233
now	233
amaz	233
2pac	233
pau	233
ballislif	233
tanu	233
getmoney	233
horni	233
prof	232
termin	232
vane	232
mayur	232
cont	232
sug	232
50cent	232
cristina	232
j0rd	232
emmi	232
webhost	232
1qazxsw2	232
song	232
mercuri	232
ala	232
norman	232
fyfcnfcbz	231
varsha	231
1212	231
atlanta	231
voc	231
edg	231
project	231
rascal	231
tamara	231
pr3d	231
siri	231
zs	231
valentina	231
filip	231
123qweasd	231
browni	231
hay	231
russia	231
ou812	230
1k	230
bnm	230
raptor	230
color	230
landri	230
neil	230
welkom	230
murali	230
sabbat	230
qazwsxedc	230
c0ntr	230
carson	230
servic	230
zw	230
superm	230
emil	229
zm	229
mariep	229
lexa	229
sanchez	229
1qa	229
italia	229
bin	229
cristi	229
n4	229
vfhbz	229
donni	229
bhanu	229
foot	229
jamaica	229
ada	229
badger	228
grandma	228
poi	228
tauru	228
f00tb	228
0000	228
martinez	228
yjdsq	228
first	228
dyn	228
out	228
nemo	228
balu	228
raman	228
ud	228
chine	228
evoni	228
lettr	228
2wsx	228
brit	228
joshi	228
ue	227
arnold	227
ranjan	227
brittani	227
bitem	227
that	227
lobo	227
qweasdzxc	227
hypebeast	227
uday	227
grape	227
fp	227
xz	227
maill	227
pa55word	227
mose	227
boot	227
rajeev	226
osc	226
2m	226
bal	226
brett	226
aurora	226
nam	226
mojo	226
subaru	226
marcelo	226
teacher	226
beer	226
diderot	226
sud	226
fatboy	226
enzo	226
dob	226
peni	226
nay	225
piper	225
deded	225
ginou	225
tia	225
gautam	225
zj	225
franco	225
chirag	225
sissi	225
fairi	225
gopi	225
apach	225
1968	225
abcd12	225
vivian	225
ltybc	225
sanjeev	225
rami	225
polli	224
onelov	224
3v	224
gamer	224
abba	224
rajat	224
blu	224
ctv	224
hal	224
alfr	224
landon	224
lev	224
f\	224
huang	224
1971	224
atl	224
luiz	223
boobi	223
cristian	223
tx	223
clara	223
noor	223
d0n	223
barri	223
ima	223
goku	223
etern	223
wq	223
blond	223
petforal	223
br1	223
mauric	223
allison	223
asdf\	223
myself	223
longhorn	222
shaun	222
pati	222
redout	222
goodluck	222
mill	222
duncan	222
read	222
fern	222
ie	222
ilik	222
sandhya	222
chino	222
microsoft	222
fam	222
hemant	222
idea	222
jill	222
cro	221
indu	221
economi	221
guddu	221
marteau	221
amol	221
verit	221
enigma	221
hiphop	221
deess	221
fore	221
1f	221
pup	221
conni	221
lenovo	221
djn	221
forest	221
d2	221
sunris	221
ross	221
yvonn	220
sonni	220
becca	220
richa	220
r31	220
kyllian	220
sven	220
olya	220
yvan	220
alison	220
alt	220
prune	220
imp	220
button	219
kimmi	219
r4d	219
tobia	219
renu	219
ame	219
alaska	219
tktyf	219
islam	219
dinosaur	219
pur	219
ciao	219
trustno1	219
cleo	219
nw	219
kingdom	218
vita	218
asdf123	218
pantera	218
lokesh	218
selena	218
say	218
mech	218
kitkat	218
contact	218
pn	218
blink	218
patou	218
hudson	218
silvia	218
dash	218
sergei	218
theman	218
fla	218
olivi	218
lincoln	218
famou	218
karim	218
kristin	218
cheryl	217
gv	217
platinum	217
fit	217
familia	217
potter	217
fyyf	217
papi	217
juliu	217
cth\	217
zxc123	217
wolv	217
paradis	217
brutu	217
q1w2e3	217
alm	217
gaillard	216
pixi	216
snicker	216
uni	216
goarmi	216
micah	216
dadoun	216
xd	216
reset	216
pak	216
pravin	216
muhammad	216
shubh	216
nano	216
lolli	216
jani	216
catherin	216
rudra	216
meet	216
evid	216
chintu	216
nathanael	216
yaya	215
mathew	215
aabb	215
wet	215
dyl	215
mamaman	215
espa	215
alla	215
mut	215
munna	215
987654321	215
nor	215
sunset	215
bunti	215
abd	215
saturn	214
itali	214
preston	214
javi	214
khalid	214
beta	214
sultan	214
dhruv	214
padma	214
edw	214
qwerty12	214
pratik	214
gupta	214
golu	214
emanuel	214
crash	214
kiara	214
pulsar	214
1965	214
karin	213
hall	213
kisa	213
omic	213
evari	213
fru	213
chennai	213
logitech	213
vivr	213
add	213
poopi	213
martha	213
ckj	213
sil	213
sriram	213
boxer	213
deva	213
spanki	213
asif	213
usha	213
outlaw	213
rees	213
alvin	213
mate	213
lucia	213
meow	213
tel	212
anup	212
poubel	212
mx	212
vfr	212
roland	212
augu	212
bich	212
sneakerhead	212
shalom	212
nono	212
arti	212
francisco	212
niala	212
linux	212
manisha	212
cfyz	212
motorola	212
4321	212
pascal	212
milous	212
morri	212
kane	211
vill	211
cru	211
pv	211
zaq12wsx	211
rosco	211
hill	211
goyav	211
ichtu	211
adgjl	211
divin	211
cz	211
server	211
dididi	211
cde	211
california	211
classic	211
2004	211
shona	211
enriqu	211
r2d2	211
hasan	210
hjvf	210
alabama	210
ducki	210
dfk	210
int	210
cake	210
gay	210
lorena	210
lvbnhbq	210
anju	210
elisa	210
helena	209
ciel	209
annael	209
hummer	209
archana	209
fake	209
rufu	209
vijaya	209
yoshi	209
reh	209
lapin	209
comm	209
margo	209
bet	209
louang	209
jitu	209
food	209
kayle	209
foster	209
cari	209
2468	208
kavi	208
believ	208
ect	208
wc	208
incorrect	208
dillon	208
shivani	208
greenday	208
loveu	208
gtht	208
dreamer	208
pineappl	208
1j	208
hol	208
s0l	208
senior	208
himanshu	208
kkk	207
vikash	207
moreno	207
ao	207
justm	207
playa	207
faisal	207
aqua	207
a9	207
bambam	207
data	207
karla	207
bonita	207
mykid	207
shilpa	207
coupon	206
local	206
jackass	206
choco	206
ber	206
barca	206
sel	206
tyron	206
vu	206
piggi	206
valeria	206
r3m	206
pilot	206
hond	206
hollywood	206
word	206
derrick	206
wd	206
english	206
momdad	205
turkey	205
asia	205
hanna	205
zorro	205
w2	205
iy	205
hn	205
israel	205
salem	205
fq	205
iz	205
cocacola	205
m2	205
cur	205
qqq	205
superstar	205
suri	205
ing	205
i8	204
2013	204
ipod	204
ou	204
wat	204
walk	204
jing	204
guy	204
major	204
ariana	204
samedi	204
2014	204
cruz	204
pig	204
nbvj	204
s0c	204
harvey	204
cx	204
trixi	204
soso	204
care	204
kevina	203
doubl	203
coach	203
pioneer	203
hershey	203
rocco	203
c0nf	203
ilya	203
louie	203
dalton	203
bubb	203
petass	203
aveng	203
125	203
dimpl	203
d3f	203
my1	203
aim	203
lenni	203
inuyasha	202
join	202
pep	202
gilbert	202
fynj	202
akki	202
ei	202
arya	202
kelvin	202
abhinav	202
detroit	202
rover	202
gordo	202
wake	202
athena	202
court	202
wyatt	202
mexican	202
gil	201
spongebob	201
timothe	201
carli	201
pancak	201
b2	201
roll	201
c0mm	201
christma	201
guess	201
alleluia	201
theon	201
gibson	201
rea	201
wick	201
popo	201
vd	201
aloha	201
turbo	201
tripl	201
plage	200
dat	200
wolverin	200
1967	200
icecream	200
eclair	200
mamma	200
bentley	200
amer	200
twinkl	200
savannah	200
form	200
jak	200
bryant	200
celin	200
tess	200
eliz	200
virginia	200
jazmin	200
dkfl	200
ot	200
ym	200
098	200
bernard	200
maci	199
simran	199
rajiv	199
hai	199
didi	199
salam	199
room	199
ander	199
gar	199
alb	199
husker	199
vani	199
sommer	199
gin	199
ted	199
alessandro	199
itsm	199
sunflow	199
zyf	199
german	199
boob	199
qj	199
amr	198
viki	198
ank	198
eternit	198
seahawk	198
sudhir	198
memori	198
fel	198
xiao	198
bigr	198
lucienn	198
camel	198
tintin	198
joanna	198
abe	198
hank	198
dur	198
jar	198
avril	198
qe	198
ashi	198
nugget	198
ivi	198
narayan	198
h2o	198
staci	198
lim	197
buy	197
katrina	197
p3n	197
amour	197
douceur	197
kan	197
1z	197
nounoun	197
kartik	197
snowbal	197
commun	197
chatton	197
doll	197
k\	197
d3m	197
villa	197
lollipop	197
todd	197
0m	197
ritesh	197
justdoit	197
kz	196
cdtnf	196
ping	196
vol	196
leann	196
tat	196
chick	196
jeet	196
dawg	196
cxfcnmt	196
dth	196
uniqu	196
unr	196
spur	196
katia	196
vbif	195
gbhj\	195
srini	195
gal	195
xander	195
piglet	195
alfi	195
cel	195
pr3c	195
sonali	195
ramya	195
rai	195
kawasaki	195
peewe	195
fortun	195
sooner	195
dbrnjhbz	195
earth	195
wert	195
payton	195
jordan23	195
bruin	194
rhbcnbyf	194
kia	194
ys	194
leila	194
rush	194
kum	194
oo	194
jayjay	194
ez	194
inf	194
metro	194
ellen	194
unc	194
neel	194
strawberri	194
argentin	194
hpf	194
urb	194
ireland	194
ch3	194
ultim	194
c0r	194
garrett	194
govind	194
joss	193
hw	193
kiko	193
esc	193
leigh	193
comet	193
giri	193
desi	193
arc	193
123456\	193
bonjour	193
m3n	193
cegth	193
plu	193
model	192
xbox360	192
damon	192
gateway	192
ybrbnf	192
bright	192
kimi	192
qwertyu	192
tema	192
tang	192
asdasd	192
flore	192
2p	192
kahina	192
xbox	192
fallen	192
francesco	192
toshiba	192
caca	192
raghav	192
kin	192
roserai	192
girish	192
hazel	192
111111	192
pa55w0rd	192
sakshi	191
giusepp	191
bama	191
support	191
abcdefg	191
lok	191
ruchi	191
shirley	191
grey	191
volcom	191
nini	191
nora	191
stacey	191
vimal	191
fynji	191
hann	191
ibm	191
morg	191
cross	191
rockon	191
mala	191
katherin	191
jatin	191
isi	191
bia	191
54321	191
merc	191
mateo	191
mei	191
gerard	191
loca	190
brent	190
rae	190
patel	190
alisha	190
bogdan	190
kavita	190
iluvu	190
silva	190
pintu	190
american	190
sriniva	190
johann	190
fantasi	190
griffin	190
danish	190
antoin	190
pit	190
jaz	190
colombia	190
louloun	189
k9	189
345	189
oc	189
s7r	189
mafia	189
theke	189
hernandez	189
ema	189
godisgood	189
pandora	189
mahal	189
ducati	189
sasi	189
sigma	189
8\	189
ouvretoi	189
host	189
wf	189
xp	189
f0r	189
fanni	189
l6	189
erni	189
num	189
syd	189
chica	189
viv	189
toy	189
l1nk3d1n	189
melvin	189
forget	188
ker	188
evangil	188
fight	188
app	188
arif	188
warren	188
gta	188
rider	188
i3	188
perro	188
amd	188
wsx	188
dariu	188
vn	188
jjj	188
sne	188
sheila	188
australia	188
hello123	188
password12	188
dfcz	188
mix	188
theresa	188
unf	188
naz	188
nishant	187
redbul	187
garden	187
rx	187
drummer	187
hoop	187
pot	187
yz	187
hana	187
simpson	187
snoop	187
d3n	187
nut	187
the1	187
pikachu	187
qwer12	187
v4	187
pacom	187
gbhj	187
by\	187
luigi	187
oti	187
walli	187
thug	187
j\	187
hong	187
col	187
von	187
marian	187
lalo	187
pancho	187
beat	187
159357	186
lx	186
volleybal	186
sonal	186
pallavi	186
passwd	186
qw12	186
nz	186
ktm	186
chinni	186
mariejo	186
stud	186
tor	186
jordi	186
golfer	186
doodl	186
hitesh	186
sure	186
ven	186
nv	185
jitendra	185
eclips	185
ilu	185
yank	185
gx	185
scarfac	185
club	185
love1	185
maddog	185
gr3	185
marion	185
karat	185
r0i	185
baker	185
passw	185
juici	185
zu	185
base	185
zo	185
rhj	185
sarita	185
blink182	185
nel	184
morena	184
coll	184
i\	184
land	184
alfredo	184
swift	184
booger	184
nba	184
garfield	184
1966	184
edi	184
u2	184
pappu	184
jada	184
memphi	184
ele	184
th0m	184
lima	184
3oh	184
post	183
lax	183
beyonc	183
buddha	183
zp	183
set	183
thu	183
wrestl	183
h3m	183
bit	183
rash	183
seattl	183
v0	183
mba	183
nath	183
eri	183
kannan	183
barb	183
kristen	183
goofi	182
rooster	182
vw	182
joyeux	182
nash	182
hellokitti	182
jumpman	182
sq	182
m0h	182
chucki	182
jersey	182
lawrenc	182
a5	182
brain	182
1234abcd	182
angu	182
kol	182
eboni	182
truth	182
tinkerbel	182
sidney	182
silli	182
mya	182
paulin	182
tee	182
fort	181
zelda	181
mun	181
carlito	181
mooki	181
ming	181
beau	181
auto	181
uc	181
dede	181
mati	181
inlov	181
rox	181
n0m	181
ab12	181
ncc	181
71.71.227.147\	181
nag	181
od	181
5p	181
xm	181
biggi	181
g3n3r	181
fktrcfylh	181
m4n	181
otto	181
bhu	181
cle	181
bengal	181
blb	180
lj\	180
africa	180
cass	180
joni	180
date	180
ul	180
lyn	180
simo	180
paper	180
nacho	180
zd	180
lindsay	180
kendal	180
micheal	180
christina	180
swathi	180
sant	180
sandip	180
yadav	180
bern	180
phoeb	179
pap	179
khale	179
maman	179
holla	179
georgi	179
stinki	179
keep	179
lele	179
ansh	179
muthu	179
margaret	179
bow	179
prais	179
mynam	179
array	179
raf	179
sushil	179
0h	179
panason	179
veronika	179
zc	179
wen	179
shanti	179
chopper	179
respect	179
germ	179
tot	179
brazil	179
mili	178
catdog	178
head	178
an7	178
sathya	178
pandu	178
colorado	178
brat	178
bio	178
cell	178
poni	178
iliv	178
bomber	178
4u	178
gabriela	178
j0hn	178
atom	178
lasvega	178
clay	178
qetuo	178
elit	178
tea	177
radhika	177
rbh	177
clo	177
mono	177
florian	177
musica	177
p2	177
petra	177
deer	177
health	177
hv	177
alp	177
doom	177
kishan	177
ibrahim	177
dai	177
soph	177
4me	177
joshu	177
behappi	177
lydia	177
vkontakt	177
c\	176
fktrctq	176
bittu	176
tuesday	176
swordfish	176
nikol	176
srinu	176
'\	176
bay	176
style	176
corn	176
fhntv	176
c0mpl	176
1v	176
russ	176
conf	176
inv	176
potato	176
julien	176
creat	176
krystal	176
vishu	176
corvett	176
saad	176
rooney	175
cold	175
reb	175
aubrey	175
contr	175
x3	175
beck	175
buffalo	175
yura	175
tokio	175
miner	175
bmx	175
psycho	175
qwa	175
brayden	175
nation	175
buzz	175
vidya	175
ytcrf	175
subbu	174
tatiana	174
2w	174
pine	174
prachi	174
pain	174
franklin	174
mariu	174
q2	174
ling	174
ramo	174
h2	174
bree	174
lada	174
burton	174
moral	174
lovelif	174
robi	174
gro	174
qt	174
josiah	174
kuldeep	174
paolo	174
heat	174
cuba	174
wk	174
dbn	174
beaver	174
wx	173
welcome1	173
year	173
bullshit	173
ankush	173
yl	173
racer	173
bor	173
spi	173
mapl	173
elen	173
gate	173
bur	173
puta	173
cognoid	173
valera	173
succ	173
yjdfz\	173
privat	173
tz	173
for3	173
arizona	173
conc	173
break	173
g2	173
112233	173
vad	173
amal	173
mod	173
yfl	173
kenzi	173
popey	173
spong	173
kaden	173
bilal	173
und3r	173
rayray	173
saha	173
flyer	173
por	173
qz	173
mex	173
5.254.105.50\	173
clark	172
sushi	172
abdullah	172
gangster	172
irfan	172
excel	172
desir	172
techno	172
beatl	172
2\	172
l1nk3d	172
ole	172
wg	172
iop	172
sbabi	172
harrison	172
too	172
t2	172
ultr	172
bkmz	172
ytcrf\	172
asi	172
ug	172
kamil	172
rbhbkk	172
agn	172
alenka	172
m8	172
nino	172
flora	172
isha	172
butt	172
central	172
aaaaaa	172
mocha	172
sani	171
vaz	171
ayesha	171
pul	171
sign	171
stormi	171
meri	171
leandro	171
tnt	171
fuckit	171
v0c	171
4m	171
3a	171
waffl	171
vladimir	171
1963	171
lovebug	171
holden	171
narendra	171
il0v	171
mypass	171
dolc	171
ckfdf	171
bebo	171
naga	171
fn	170
amina	170
rit	170
vamsi	170
bacon	170
aen	170
bleach	170
hawkey	170
opel	170
nitesh	170
quinci	170
gan	170
glen	170
nishu	170
nirmal	170
insan	170
total	170
g\	170
mare	170
gr33n	170
hotrod	170
gayatri	170
birthday	170
gagan	170
akira	170
soumya	170
rosebud	170
skittl	170
pir	170
hip	170
amp	170
xb\	170
control	170
lila	170
jax	170
ananya	170
flatron	170
herb	170
r3p	169
tere	169
c2	169
wade	169
deborah	169
qweasd123	169
malibu	169
f0re	169
civic	169
milano	169
blueski	169
tiago	169
uncl	169
whyme	169
abcabc123	169
buff	169
lindsey	169
ujk	169
bodi	169
cheri	169
80.220.223.183\	169
567	169
indigo	169
2a	169
svet	169
brock	169
electr	169
herman	169
dipak	168
elsa	168
emr	168
stephan	168
readi	168
arnav	168
redneck	168
chewi	168
ashwin	168
berni	168
kaleb	168
a7	168
goos	168
pic	168
juliana	168
f2	168
benj	168
k4	168
norm	168
safeti	168
off	168
samara	168
spl	168
grad	168
damn	168
funki	168
poohbear	168
booti	168
tessa	168
zq	168
thr	168
aya	168
vtldt\	168
ilovegod	168
serena	168
lick	168
mountain	168
lhe	168
badass	167
piano	167
sail	167
neelam	167
b3ll	167
1964	167
bangalor	167
newjob	167
neh	167
lloyd	167
perri	167
glenn	167
terr	167
lore	167
mali	167
4n	167
rome	167
123456a	167
tilli	167
infirmier	167
cock	167
gfgf	167
lamont	167
xi	167
sac	166
shashank	166
thai	166
nit	166
lam	166
ramu	166
stu	166
zak	166
empir	166
cab	166
cut	166
nada	166
studio	166
gerald	166
trent	166
mozart	166
celest	166
activ	166
dwayn	166
laptop	166
aaaa11	166
shalini	166
action	166
vipin	166
michigan	166
intern	166
priscil	166
fay	166
human	166
lia	166
sage	166
sav	166
privet	166
makayla	166
sush	166
rishabh	165
mcr	165
tima	165
r2	165
anish	165
adv	165
spooki	165
ihat	165
5k	165
yulia	165
rasta	165
mann	165
lizard	165
raji	165
napoli	165
kami	165
test123	165
wale	165
gjikbyf	165
abraham	165
judith	165
rag	165
monk	164
tr3	164
arina	164
fede	164
pisc	164
jrnz	164
gonzalez	164
earl	164
blackberri	164
hug	164
omkar	164
map	164
snowman	164
pun	164
wall	164
ckj\	164
yr	164
alf	164
g7	164
poiu	164
55555	164
pune	164
jah	164
futbol	164
vtldt	164
csc	164
swapnil	164
r0n	164
zi	164
dumb	164
bishop	163
m\	163
wave	163
mash	163
gj7b	163
1010	163
janel	163
leroy	163
redw	163
trooper	163
xf	163
amc	163
nigger	163
rolltid	163
gul	163
rena	163
youtub	163
sainath	163
low	163
jaan	163
hamster	163
fz	162
meenu	162
vov	162
three	162
yc	162
angelica	162
corona	162
m7	162
nanda	162
liv	162
mind	162
lauri	162
yn	162
bharti	162
thiago	162
mamta	162
janic	162
sanek	162
klm	162
qu3	162
estrella	162
k8	162
jessic	162
hercul	162
2015	162
wish	162
gjikbdctyf	162
kon	162
solar	162
wal	162
ptk	162
toronto	162
wwjd	162
jz	162
dz	161
anj	161
benson	161
ringo	161
fyfh	161
kala	161
bhf	161
ñ	161
tattoo	161
colbi	161
giulia	161
kla	161
jeni	161
djdf	161
shr	161
oa	161
619	161
ved	161
pluto	161
jayhawk	161
hayley	161
angl	161
l1nk	161
porno	161
gee	160
demi	160
magnum	160
solomon	160
loko	160
3n	160
mayo	160
oakland	160
12qwa	160
aniket	160
hippo	160
asp	160
flip	160
ane	160
mju	160
evi	160
zaq123	160
brendan	160
......	160
westsid	160
j2	159
nandu	159
nish	159
ganga	159
nolan	159
anusha	159
d5	159
ela	159
iverson	159
gauri	159
ihatey	159
zain	159
forza	159
inc	159
laur	159
lau	159
clau	159
tutu	159
marlon	159
br0	159
kamlesh	159
mein	159
laila	159
cane	159
f0r3	159
bujh	159
raquel	159
silent	159
claud	159
paloma	159
gmoney	159
reagan	159
ska	159
reaper	159
roo	159
manga	159
yd	159
cheetah	159
clayton	159
small	159
florenc	159
terrel	159
eliza	159
a123456	159
a6	159
anastasia	158
xa	158
marlen	158
caitlin	158
demo	158
spa	158
asdf12	158
sx	158
lalala	158
see	158
gust	158
conner	158
gaga	158
gho	158
dor	158
hani	158
myl	158
tornado	158
daksh	158
indra	158
kirbi	158
ox	158
soft	158
1a2b3c	158
changem	158
f5	158
spain	158
pac	157
xj	157
yuri	157
jolli	157
aur	157
awe	157
soldier	157
colton	157
prime	157
qwer123	157
robot	157
fanta	157
mim	157
dear	157
fx	157
yb\	157
juic	157
000000	157
johncena	157
nexu	157
124	157
aero	157
rum	157
shanu	157
bomb	157
me1	157
kthf	157
1g	157
dfyz	157
kash	157
cho	157
stell	157
kika	157
c0ll	157
pass123	157
texan	157
vista	157
svetlana	157
gh0	156
ura	156
bust	156
aparna	156
pegasu	156
vy	156
satan	156
skippi	156
marlboro	156
kittu	156
ij	156
cum	156
lhe\	156
kj\	156
76.188.76.212\	156
suka	156
hurrican	156
snowi	156
planet	156
coconut	156
fkkf	156
brand	156
kendra	156
ccc	156
show	155
two	155
jordyn	155
skull	155
exc	155
prec	155
birdi	155
no1	155
bigdaddi	155
nour	155
paddi	155
homi	155
fuzzi	155
c7	155
tomi	155
giggl	155
keshav	155
counter	155
hahaha	155
arturo	155
verd	155
topgun	155
yuki	155
clement	155
s3n	155
amari	155
msn	155
rodney	155
rke	155
hotel	155
wallac	155
fktyf	155
fidelit	155
lieb	155
py	155
five	155
rivera	155
damin	155
palm	155
fatti	155
djc	155
smarti	154
veer	154
bubbi	154
dimka	154
petr	154
sabr	154
dorothi	154
-w6	154
ree	154
newport	154
vbh	154
meera	154
deepika	154
skin	154
gwen	154
prabha	154
xoxo	154
l00k	154
bff	154
1a2b3c4d	154
idiot	154
nvidia3d	154
gianni	154
lamar	154
invest	154
bambi	154
capit	153
xr	153
dong	153
ernest	153
down	153
guruji	153
mathi	153
ismail	153
dew	153
biscuit	153
x1	153
doudou	153
media	153
kush	153
emilio	153
baron	153
aussi	153
//	153
shad	153
rodriguez	153
zion	153
coyot	153
miriam	153
spot	153
rbd	153
hardcor	153
jktu	153
rkka	153
newton	153
ua	153
armando	153
gill	153
express	153
radh	153
atla	153
khalil	153
mygirl	153
kodi	153
kalpana	153
prabhu	153
bubu	152
venom	152
yk	152
shooter	152
ravindra	152
nfnmzyf	152
banan	152
smita	152
lilo	152
gj\	152
bigd	152
chill	152
renato	152
ike	152
geeta	152
tag	152
gogo	152
knopka	152
quinn	152
hgl	152
qf	152
forc	152
leonard	152
crown	152
cheap	152
wn	152
anshul	152
sec	152
pato	152
aakash	152
granni	152
hotboy	152
srk	152
inspir	152
123a	152
vovan	152
bak	152
goal	152
f0rm	152
k7	152
1960	152
cedric	151
extrem	151
cara	151
oregon	151
iluvm	151
hgpl	151
jacqu	151
n8	151
tinku	151
psp	151
reena	151
o8	151
zb	151
gjkbyf	151
veri	151
ded	151
tool	151
annu	151
marilyn	151
milton	151
skip	151
lab	151
quest	151
lane	151
sailor	151
emp	151
shahid	151
myboy	151
fenix	151
inform	151
kingston	151
rz	151
cav	151
e3	151
exh	151
nadya	151
fyutk	150
bharath	150
cop	150
yourmom	150
l0l	150
r3fr	150
5a	150
email	150
titu	150
kathryn	150
aisha	150
mko	150
chrissi	150
nok	150
zara	150
kavya	150
vf\	150
pauli	150
psi	150
lol123	150
b0b	150
ohio	150
sdf	150
univ	150
hab	150
lovei	150
pride	150
1122	150
tr1	150
kak	150
mylink	150
chounett	150
patr	150
cuddl	150
ramirez	150
bigman	150
rc.if	149
marvel	149
mult	149
123qweasdzxc	149
qualiti	149
ultra	149
evit	149
gray	149
darwin	149
loren	149
fernanda	149
larissa	149
shin	149
shikha	149
suki	149
airjordan	149
auburn	149
yi	149
lip	149
take	149
chat	149
g5	149
ey	149
boe	149
nom	149
goblu	149
end	149
b5	149
m0rg	149
kaitlyn	149
recon	149
azul	149
naren	149
uwec	149
4a	149
feng	149
xo	149
rajendra	149
parola	149
gandalf	149
coc	149
balla	149
ple	149
priti	149
mate1	149
subha	148
pea	148
gata	148
cecilia	148
hom	148
libbi	148
newyear	148
bujji	148
kra	148
sak	148
d6	148
astra	148
gtne	148
lucif	148
anmol	148
uj	148
m9	148
jesus1	148
po1	148
jab	148
lak	148
ina	148
bil	148
hamburg	148
lz	148
bgt	148
caramel	148
stay	148
kbpf	148
origin	148
vtyz	148
nev	148
vbhf	148
sylvia	148
hardik	148
kalyan	148
mauro	148
tip	148
yjz	148
ppp	147
cena	147
xthtgf	147
ilm	147
yoda	147
vinu	147
redros	147
120	147
arianna	147
sankar	147
gisel	147
hen	147
predat	147
vitor	147
kingkong	147
driver	147
movi	147
kap	147
lolipop	147
sumi	147
rjkj	147
moneyman	147
morn	147
spam	147
have	147
aruna	147
caden	147
ishan	147
linu	147
dmb	147
syncmast	147
razor	147
mahendra	147
jor	146
fgh	146
xs	146
oe	146
clyde	146
legal	146
swat	146
e4	146
lightn	146
dub	146
zr	146
nando	146
iman	146
goat	146
korn	146
7u	146
sterl	146
lot	146
3u	146
carp	146
geetha	146
biker	146
0l	146
bhaskar	146
1961	146
vball	146
rhino	146
p1a	146
francesca	146
minim	146
sylvestr	146
santana	146
2h	146
marci	146
fling	146
vick	146
vodka	146
jyothi	146
mylinkedin	146
lq	146
sweta	146
mach	145
vipul	145
roro	145
wanda	145
breanna	145
lor	145
lionel	145
peggi	145
mav	145
b7	145
carolyn	145
-.	145
oop	145
defend	145
goober	145
matia	145
dawson	145
nitro	145
qs	145
fisher	145
neal	145
shiloh	145
jia	145
gera	145
tarzan	145
admin123	145
abcabc	145
qweqw	145
sindhu	145
lacey	145
m00n	145
sourav	144
find	144
lei	144
de1	144
m1r	144
graham	144
a12	144
3edc	144
here	144
luisa	144
there	144
payal	144
th1	144
kansa	144
zytyfdb\	144
zidan	144
grizzli	144
emerson	144
amm	144
212.179.94.170\	144
lov3	144
gostoso	144
bub	144
samurai	144
ding	144
zxasqw12	144
thakur	144
pq	144
linkedin1	143
ui	143
skyler	143
ark	143
pencil	143
dfc	143
mehdi	143
654	143
muskan	143
hussain	143
d7	143
2k	143
f6	143
p4ssw0rd	143
quick	143
49er	143
welc0m	143
31.168.139.108\	143
yugioh	143
aslan	143
sheba	143
yummi	143
yusuf	143
schatz	143
salim	143
name	143
kakashi	143
ying	143
m0u	143
basil	143
bran	143
marko	143
2f	143
plan	143
blackop	143
xl	143
2c	143
svetik	143
laugh	143
amsterdam	143
pushpa	142
pollo	142
jave	142
skipper	142
shift	142
kaushik	142
subhash	142
l2	142
gir	142
chichi	142
rhe	142
121	142
abbey	142
a7x	142
rao	142
acura	142
bdfi	142
obl	142
latina	142
maryam	142
four	142
leticia	142
johni	142
jonah	142
jmd	142
zyt	142
juni	142
scienc	142
nguyen	142
holland	142
hggih	142
pum	142
schei	142
nhe	142
costa	142
3c	142
curt	142
britney	142
t5	142
everton	142
ket	142
4d	142
jedi	142
jhon	142
8ik	142
same	141
mnbvcxz	141
sprite	141
refr	141
safe	141
kr1	141
balli	141
neg	141
1qaz2wsx3edc	141
esm	141
salma	141
firefli	141
delt	141
dulc	141
custom	141
p01	141
123654	141
elis	141
clover	141
sakthi	141
monic	141
cocoa	141
godzilla	141
libr	141
hater	141
check	141
vegeta	141
h8	141
search	141
tai	141
dri	141
nastia	141
teddybear	141
boricua	141
q1w2e3r4t5	141
q3	141
jimbo	141
mima	141
qwerty1234	141
aki	141
chacha	141
j8	140
darshan	140
pinku	140
zander	140
cecil	140
redhat	140
kajal	140
boat	140
cassandra	140
mysteri	140
stewart	140
acdc	140
hugh	140
federico	140
mariposa	140
malli	140
dadi	140
johanna	140
terra	140
kutti	140
tracey	140
spec	140
lav	140
tupac	140
load	140
csn	140
briana	140
veron	140
deadpool	140
harold	140
t3n	140
saran	140
cnhf	140
deede	140
desmond	140
s0n	140
selva	140
nala	140
imagin	140
bz	140
mishra	140
chee	140
1u	140
flamengo	140
alph	140
7r	140
hulk	140
ach	139
flight	139
m5	139
crack	139
flex	139
cristiano	139
melo	139
adnan	139
dane	139
ast	139
saif	139
t0t	139
vir	139
bridg	139
donovan	139
nia	139
djk	139
drago	139
t0p	139
marlin	139
unm	139
m0nkey	139
volley	139
asl	139
jht	139
karthi	139
qb	139
norma	139
xn	139
alinka	139
521	139
loverboy	139
kaiser	139
unr3	139
7a	139
preet	139
vanya	139
sword	139
ila	139
dal	139
s5	139
csi	139
nintendo	139
mass	139
cunt	139
org	139
sonn	139
fusion	139
enjoy	138
gymnast	138
trfnthbyf	138
artist	138
mulher	138
resid	138
harrypott	138
chu	138
prayer	138
livejourn	138
zenit	138
rub	138
dominiqu	138
asm	138
zoom	138
cream	138
babydol	138
kaz	138
aa123	138
mypassword	138
alec	138
b0n	138
cracker	138
ljk	138
jem	138
bosco	138
bethani	138
saurav	138
rina	138
eden	138
watson	138
dario	138
right	138
freeman	138
compl	138
clem	138
roc	138
addison	138
monro	138
lillian	138
margarita	138
explor	138
marissa	138
frodo	138
ride	138
carrot	138
love123	137
nemesi	137
kl\	137
motor	137
n0v	137
tej	137
peg	137
dublin	137
cq	137
bluejay	137
tae	137
fr\	137
gypsi	137
archer	137
princesa	137
kinder	137
taytay	137
funk	137
legola	137
jmc	137
negro	137
mitten	137
bl3	137
cristo	137
2020	137
draco	137
3e	137
zay	137
ria	137
sheetal	137
anoop	137
singer	137
eman	137
5m	137
alvaro	137
katrin	137
madmax	137
wz	137
rhi	137
newpass	137
lani	137
rah	137
chey	137
666666	137
legaci	137
batista	137
noemi	137
rjh	137
gz	137
mystic	137
sonya	137
sprint	137
godislov	137
laser	137
happyday	137
barn	137
vandana	137
loli	137
cjkysirj	136
azer	136
harper	136
fro	136
whitney	136
184.64.39.28\	136
dummi	136
ever	136
vito	136
zoo	136
raw	136
zhao	136
dheeraj	136
macho	136
h0t	136
panama	136
nessa	136
jehovah	136
stevi	136
ameli	136
187	136
amu	136
beckham	136
fw	136
yay	136
112	136
mariam	136
gage	136
e6	136
bowl	136
r3tr	136
esteban	136
leader	136
rei	136
net\	136
ent	136
puja	136
ashutosh	136
kalyani	136
perez	136
hair	136
k3v	136
chubbi	136
bing	136
gig	136
shalu	136
nasir	136
shakira	136
viola	136
mig	136
gtht\	136
det	136
nevaeh	136
3p	136
3mm	136
anika	136
qp	136
alexia	136
reno	135
oy	135
tyr	135
lupe	135
michi	135
e7	135
gfif	135
cyclon	135
amazon	135
esp	135
josu	135
musa	135
maxin	135
stuart	135
a0	135
quan	135
dep	135
quentin	135
smurf	135
ismael	135
diman	135
energy3332	135
annabel	135
blossom	135
3g	135
dudu	135
sherlock	135
1luv	135
airforc	135
milena	135
xv	135
chiara	135
liang	135
q1w	135
farah	135
jud	135
j7	135
chand	135
smoki	135
ov	135
contras	135
amira	135
lupita	135
disha	134
cad	134
miko	134
r3a	134
virgin	134
sathish	134
indiana	134
cliff	134
momma	134
bhavya	134
cora	134
nikit	134
diya	134
tele	134
aze	134
latha	134
corazon	134
santhosh	134
st3	134
kathleen	134
egg	134
made	134
jig	134
jayesh	134
sk8er	134
fiesta	134
android	134
1962	134
avalon	134
aa11	134
pz	134
uke	134
3\	134
d8	134
annett	134
357	134
deon	134
7ujm	134
chess	134
0b	134
beatriz	134
cra	134
nyc	134
vitalik	134
raphael	134
zhou	134
sound	133
c5	133
shriram	133
chaitu	133
6r	133
melon	133
dutch	133
mab	133
s6	133
point	133
jayson	133
cryst	133
nanni	133
kanchan	133
aarav	133
myle	133
tequila	133
sayang	133
porter	133
store	133
mindi	133
modi	133
fart	133
renata	133
qwert123	133
vishwa	133
fritz	133
qwerty12345	133
smooth	133
kasey	133
anupam	133
kata	133
pai	133
ahmet	133
blanca	133
444	133
sushma	133
adoni	133
j3nn	133
lora	133
spice	132
jalen	132
infosi	132
d4n	132
hilari	132
84.241.160.231\	132
sweetpea	132
arman	132
moonlight	132
murat	132
j5	132
claudio	132
2r	132
katerina	132
promis	132
twist	132
timber	132
santu	132
a11	132
bx	132
malachi	132
hui	132
ayden	132
ryder	132
mvp	132
ler	132
stick	132
verma	132
agu	132
g6	132
arn	132
0p\	132
lunch	132
rupesh	132
stefano	132
sash	132
kola	132
bling	132
asad	132
hamid	132
euro	132
bearcat	132
rnj	132
suzann	132
cotton	132
rin	132
fighter	132
polar	132
vid	132
n2	132
posit	132
4s	131
wel	131
hjvfi	131
gri	131
c9	131
sucesso	131
glock	131
cheng	131
fifi	131
love4	131
modern	131
ciccio	131
children	131
shani	131
nine	131
963	131
hhh	131
1957	131
write	131
bobi	131
laci	131
fiat	131
gla	131
qweqwe123	131
paix	131
learn	131
matilda	131
marisa	131
philipp	131
zane	131
core	131
aliv	131
hjkl	131
mish	131
navya	131
whit	131
sonam	131
cheyenn	131
but	131
koala	131
ha3	131
sher	131
newm	130
cooldud	130
soma	130
curri	130
gaara	130
opera	130
al3x	130
naughti	130
starbuck	130
whynot	130
slut	130
kath	130
pay	130
janin	130
paw	130
fireman	130
shaggi	130
hello1	130
iwant	130
r5	130
delfin	130
xnj	130
kuku	130
feel	130
pip	130
icq	130
spartak	130
danilo	130
dot	130
eo	130
prasanna	130
gianna	130
junebug	130
odi	130
sony1235	130
mansi	130
kayden	130
mount	130
vfhb	130
madden	130
anitha	130
y0	130
vinayak	130
ranjit	130
gmc	129
w0r	129
armani	129
bruna	129
paint	129
of	129
impala	129
iamthebest	129
saw	129
ring	129
lime	129
put	129
trisha	129
bl00d	129
lal	129
brend	129
vel	129
f7	129
alka	129
bac	129
12ab	129
clemson	129
aquariu	129
short	129
l.	129
145	129
asdasd123	129
mol	129
di5	129
oz	129
f3l	129
punkin	129
kandi	129
road	129
102	129
farm	129
1i	129
zn	129
\\\\	129
camilo	129
l8	129
lilian	129
bren	129
arpit	129
fahad	129
ishu	129
latino	129
fhneh	129
aayush	129
welcome123	129
cassidi	129
ghbdtnbr	129
love2	129
k5	128
union	128
moor	128
marqui	128
nazar	128
bali	128
hun	128
niraj	128
g8	128
andri	128
vignesh	128
hadi	128
chinu	128
174.48.132.249\	128
b1g	128
jungl	128
webmast	128
pao	128
bigmoney	128
lalak	128
aeiou	128
regi	128
oakley	128
mahadev	128
sharp	128
emerald	128
madan	128
disco	128
br4	128
vineet	128
rang	128
drag0n	128
galina	128
pr0f	128
farhan	128
ernesto	128
fr33	128
tamil	128
pure	128
fuckyou2	128
athen	128
maxx	128
p7	128
breezi	128
qazwsx12	128
pr0v	128
alia	128
5\	128
bigb	128
swetha	128
yung	128
aston	128
rossi	128
still	128
2016	128
zv	128
123zxc	128
era	128
penn	128
newp	127
dragonbal	127
raje	127
sujit	127
asb	127
saroj	127
castro	127
fishi	127
sock	127
dron	127
singapor	127
att	127
whoami	127
hobb	127
tdutybq	127
ninj	127
blackhawk	127
surfer	127
pug	127
riccardo	127
valley	127
french	127
kailash	127
jq	127
pokemon1	127
an+	127
arb	127
mido	127
g3t	127
vacat	127
kilo	127
i1	127
f1n	127
102030	127
f3d3r	127
gokul	127
egypt	127
vikki	127
bryson	127
shar	127
lfyb	127
senh	127
fruit	127
ati	127
wait	127
asian	127
simb	127
magnu	127
gon	127
sheena	127
mauricio	127
beatric	127
c00l	127
3b	127
d0g	127
roberta	127
magi	126
siriu	126
whiskey	126
pia	126
oxford	126
rayan	126
skylar	126
rfh	126
zf	126
chuy	126
rac	126
michal	126
108	126
150	126
smitti	126
gala	126
reza	126
someth	126
b3n	126
sleep	126
liliana	126
byron	126
chiku	126
mem	126
1qa2ws3	126
3f	126
scrappi	126
tanja	126
malu	126
sang	126
mcc	126
abhijit	126
/\	126
qwertyuiop1	126
d0r	126
rosario	126
prosper	126
h5	126
3rd	126
bhavesh	126
kiska	126
blow	126
boon	126
pool	126
touch	126
m0nk3i	126
sapna	126
mond	126
ab1	126
celebr	126
tian	126
penelop	126
9a	126
vij	126
ting	126
shu	126
orchid	126
neymar	125
centr	125
cfp	125
p0rt	125
pastor	125
mud	125
prateek	125
magda	125
soham	125
qweasdzxc123	125
godbless	125
123m	125
thompson	125
w8	125
px	125
h0m	125
rashid	125
rebeld	125
001	125
butch	125
kavitha	125
prin	125
suckit	125
wiz	125
mehmet	125
nji	125
gundam	125
fkt	125
blind	125
sorri	125
werti	125
lublu	125
cashmoney	125
kermit	125
kart	125
nigel	125
d3r	125
2n	125
vanilla	125
holl	125
i\\	125
malcolm	125
sag	125
forgetful1	125
hop	125
llama	125
sach	125
hunni	125
rhonda	125
jesuschrist	125
ashwini	125
param	125
r7	125
jiang	125
bol	125
8a	125
last.fm	125
next	125
almighti	125
frost	125
saba	125
share	125
890	124
11111	124
bibl	124
qi	124
sabin	124
chels	124
lubov	124
anan	124
luda	124
rajkumar	124
p1r	124
jad	124
kirk	124
ave	124
12a	124
stitch	124
dynam	124
p5	124
dra	124
cin	124
part	124
n0rm	124
maestro	124
adarsh	124
witch	124
goo	124
m31	124
salt	124
trav	124
jub	124
abc1	124
umar	124
said	124
kx	124
ytn	124
jaja	124
jamesbond	124
emer	124
navin	124
hallo123	124
toi	124
jaihanuman	124
ujh	124
supriya	124
duc	123
fac	123
donut	123
jetaim	123
templ	123
1e	123
4rfv	123
chem	123
abr	123
fil	123
rise	123
trip	123
gladi	123
p0t	123
erhf	123
68.50.120.161\	123
led	123
thumper	123
amrita	123
six	123
casino	123
yp	123
leoni	123
elk	123
sonja	123
chitra	123
lkj	123
ltymhj\	123
a1b2	123
vj\	123
ctynz	123
leopard	123
neptun	123
hoki	123
t3r	123
samar	123
kareem	123
zg	123
ero	123
ciara	123
7777777	123
7777	123
pass1	123
riot	123
edc	123
imm	123
age	123
winx	123
jx	123
j0b	123
kolya	123
gena	123
ayan	123
buceta	123
tomcat	123
anamika	123
asma	123
buttercup	123
tequiero	123
salvador	123
jester	122
taho	122
attitud	122
lbfyf	122
nikon	122
pik	122
veena	122
cmc	122
some	122
state	122
washington	122
eureka	122
fear	122
abril	122
hq	122
3kid	122
5c	122
hggih\	122
cutiepi	122
hat	122
gift	122
solut	122
anti	122
kostya	122
ramana	122
ilovemyself	122
12\	122
dipset	122
moomoo	122
yoga	122
phani	122
mehul	122
gonzo	122
pippo	122
tita	122
mermaid	122
trap	122
coolkid	122
tal	122
juve	122
leha	122
ltrf	122
e2	122
alba	122
fuk	122
adil	122
rohini	122
sama	122
chilli	122
reuben	122
rafi	122
ak-47	122
gonavi	122
benfica	122
casio	122
franz	121
h3rm	121
obi	121
jmoney	121
hung	121
kun	121
floyd	121
maruti	121
bha	121
3x	121
thuglif	121
immort	121
mynamei	121
glo	121
carmelo	121
crf	121
robyn	121
4e	121
alaa	121
shailesh	121
western	121
give	121
pitt	121
amrit	121
civil	121
e5	121
logic	121
bablu	121
bratz	121
oth	121
samu	121
w5	121
medi	121
samarth	121
rjkz	121
h0nd	121
slick	121
f8	121
usman	120
emir	120
iq	120
rjp	120
kang	120
clipper	120
newday	120
maz	120
asdqwe123	120
yuan	120
dirk	120
saeed	120
s8	120
x2	120
sandro	120
arrow	120
apt	120
rctybz	120
vjz\	120
meghan	120
kirti	120
robinson	120
vfkf	120
qazwsxedc123	120
l0v	120
trev	120
obama	120
escap	120
naman	120
t0n	120
lovelov	120
zeke	120
handsom	120
1958	120
8b	120
m6	120
ish	120
cr7	120
sundar	120
bloom	120
memyself	120
bec	120
desire	120
daya	120
gor	120
hardi	120
manda	120
4l	120
1313	120
case	120
rere	120
mechan	120
c0mmun	120
bond007	120
lib	120
bot	120
finn	120
aqu	120
babyg	120
therock	120
sander	120
^^	120
ksu	120
1am	119
striker	119
1959	119
8u	119
zap	119
myb	119
w7	119
heckfi	119
edison	119
estel	119
mattia	119
number1	119
pipe	119
aria	119
maga	119
yun	119
cowgirl	119
rf\	119
retro	119
delet	119
sekhar	119
bigg	119
salut	119
henriqu	119
renuka	119
casansaar	119
neon	119
heavi	119
pentium	119
jaanu	119
marki	119
cl3	119
lge	119
hei	119
bbb	119
nar	119
swap	119
aime	119
evgen	119
malika	119
sho	119
shekhar	119
s3x	119
h7	119
jal	119
leena	119
lahor	119
r00t	119
vietnam	119
gandhi	119
fang	119
bossi	119
vino	119
scream	119
jrcfyf	119
0987654321	119
gino	119
polari	119
extra	119
gjikb	119
narayana	119
turner	119
block	119
church	119
rim	119
abb	119
132	119
nole	119
rfpf	118
mq	118
cubbi	118
gjitkyf	118
holm	118
nero	118
gbplf	118
ytpf	118
mimo	118
puneet	118
ginni	118
bush	118
mateu	118
bag	118
5555	118
cyru	118
fergi	118
w0rk	118
uy	118
passwort	118
2t	118
wxcvbn	118
kul	118
rfhfn	118
2017	118
natal	118
gfh	118
elliot	118
sexym	118
chandler	118
jeann	118
gomez	118
sila	118
achu	118
d3b	118
way	118
m0t	118
chell	118
samira	118
benz	118
gerardo	118
sapphir	118
ped	118
313	118
dig	118
ess	118
o\	118
miha	118
fed	118
argentina	118
nunu	117
moscow	117
phat	117
pacman	117
swan	117
neetu	117
voyag	117
password2	117
apo	117
kassi	117
savi	117
c0nc	117
eeyor	117
myfamili	117
error	117
rage	117
supra	117
bhushan	117
full	117
l3v	117
noida	117
lika	117
aspen	117
yani	117
cinta	117
giraff	117
kingjam	117
rjynfrn	117
wolfpack	117
alonso	117
taj	117
palak	117
lalitha	117
godisgreat	117
term	117
aztec	117
theboss	117
nvidia	117
histori	117
sanket	117
marcia	117
pom	117
aadi	117
msm	117
1kla	117
finger	117
gayathri	117
myr	117
einstein	117
qr	117
cola	117
gorilla	117
scar	117
youssef	117
carpediem	117
jakob	117
tippi	117
firefox	117
newman	117
pad	117
catfish	117
2g	117
domi	117
aarti	117
pinto	117
dare	117
bucket	117
sli	117
qwertyuiop123	116
1qa2w	116
foo	116
harlem	116
frosti	116
elm	116
zaza	116
moneybag	116
mahmoud	116
harshit	116
jaw	116
braden	116
dflbv	116
miri	116
bog	116
reshma	116
kieran	116
qwe123qw	116
b8	116
yvett	116
vaishu	116
saul	116
michael1	116
hott	116
sora	116
battl	116
r6	116
mca	116
asdqw	116
311	116
fani	116
anh	116
valencia	116
nona	116
door	116
oj	116
tak	116
record	116
station	116
rfhf	116
ahoo.com\	116
idontknow	116
gerri	116
aba	116
poison	116
4444	116
yx	116
manik	116
beastmod	116
s9	116
kyri	116
garima	116
s+r	116
charu	116
fak	116
whatsup	116
center	116
rosemari	116
steffi	115
verita	115
peugeot	115
fari	115
jingl	115
kundan	115
kik	115
meng	115
dominik	115
ch4	115
chiv	115
yog	115
gothic	115
lgeil	115
humtum	115
nasta	115
maryjan	115
aldo	115
carlton	115
y1	115
tabbi	115
yolanda	115
r4t	115
ferr	115
ujhj	115
yassin	115
partha	115
callum	115
vasya	115
newstart	115
rout	115
darrel	115
trish	115
gostosa	115
volk	115
alessio	115
hyper	115
horn	115
football1	115
male	115
charlie1	115
zulu	115
laurel	115
gol	115
sao	115
lie	115
d9	115
ingrid	115
cher	115
abc1234	115
dome	115
h3l	115
sweetheart	115
eragon	115
mathia	115
5w	115
masa	115
divi	115
selen	115
emb	115
lai	115
innov	115
salom	115
juliet	115
sof	115
klau	115
arg	115
4b	115
polska	115
capon	115
scuba	115
123qaz	115
o1	114
journey	114
move	114
norton	114
boni	114
bluebird	114
guin	114
bigbang	114
uv	114
test1234	114
uu	114
password1234	114
mee	114
cost	114
optimu	114
12345abcd	114
sweetu	114
bela	114
bed	114
napoleon	114
picasso	114
pradip	114
t3rm	114
stefani	114
m3r	114
ericsson	114
anubi	114
starr	114
kish	114
nandini	114
akshat	114
samba	114
yum	114
hesoyam	114
elliott	114
goodi	114
kike	114
cod	114
ilovehim	114
teri	114
kasper	114
lavanya	114
1357	114
genpact	114
alex1	114
bom	114
row	114
valentino	114
coolguy	114
4k	114
belinda	114
whizz	113
alo	113
nerd	113
cfirf	113
vedant	113
246	113
dfg	113
dvd	113
click	113
jocelyn	113
timur	113
r9	113
g00d	113
uhf	113
sandiego	113
nast	113
nirmala	113
c8	113
angel1	113
bkm	113
kenya	113
keisha	113
letm	113
u7	113
kbc	113
kaushal	113
init	113
catch	113
bastard	113
comnet	113
bowwow	113
zytyfdb	113
f00tball	113
senthil	113
lfhmz	113
adriano	113
mid	113
reem	113
passer	113
r8	113
machin	113
aru	113
yg	113
buc	113
lebronjam	113
anuradha	113
farmer	113
aff	113
zhu	113
transform	113
mahe	113
meh	113
gail	113
shake	113
financ	112
clar	112
blabla	112
debra	112
scarlett	112
guf	112
shaman	112
guit	112
parul	112
tami	112
ltymhj	112
ert	112
cartoon	112
liana	112
randal	112
dsa	112
coolman	112
un1	112
uttam	112
lll	112
mdp	112
4t	112
tomtom	112
skeeter	112
dfvgbh	112
jap	112
courag	112
b0r	112
rti	112
paramor	112
z7	112
soccer1	112
feliz	112
video	112
joli	112
zxcvbnm123	112
anant	112
3t	112
p9	112
crusad	112
swapna	112
salina	112
kikilo2	112
urban	112
mighti	112
qwerty123456	112
hil	112
j0h	112
ketan	112
stockx123	112
montreal	112
develop	112
7h	112
r\	112
sacr	112
luki	112
jagan	112
birth	112
livelif	112
jumper	112
sah	112
tanmay	112
r0b	112
jit	112
queeni	111
charan	111
suha	111
energy211	111
dragon1	111
luan	111
mukul	111
mih	111
rjirf	111
krono	111
antonia	111
gkj	111
tooti	111
firebird	111
lem	111
lida	111
hex	111
teach	111
chauhan	111
fal	111
121212	111
c0m	111
airbu	111
alana	111
vodafon	111
fuckyou1	111
unh	111
naina	111
panzer	111
latin	111
alc	111
poke	111
warcraft	111
reec	111
spunki	111
deepti	111
shakti	111
1956	111
taha	111
ha1	111
goddess	111
n0w	111
duan	111
hampton	111
abcde12345	111
xh	111
asdzxc	111
mikki	111
w45h	111
vamp	111
ktyjxrf	111
lawyer	111
tana	111
money1	111
sgt	111
webster	111
unl	111
racecar	111
caesar	111
aguila	111
punki	111
qazwsx1	111
pepp	111
none	111
gear	111
twister	111
quantum	111
aa123456	111
madhuri	111
nir	111
noway	111
t7	111
ibanez	111
tater	111
zvezda	111
indira	111
blackcat	110
122	110
beba	110
siya	110
organ	110
realli	110
jacket	110
devendra	110
tuna	110
libert	110
greta	110
hcl	110
h3r	110
foxman1	110
perla	110
kesha	110
xtreme	110
linkinpark	110
musik	110
tap	110
mata	110
hao	110
iforgot	110
saturday	110
a12345	110
jkm	110
thegam	110
bronx	110
destin	110
pl3	110
garri	110
12345qwert	110
pika	110
petro	110
ichigo	110
beverli	110
alex123	110
tomato	110
akm	110
rinki	110
oma	110
shawti	110
korea	110
jesusi	110
carina	110
olg	110
veg	110
allemagn	110
serv	110
select	110
ch0c0l	110
women	110
omer	110
cl0	110
p8	110
sabina	110
ain	110
bigboss	110
maxima	109
formula	109
nell	109
tower	109
apple123	109
gel	109
freaki	109
jagdish	109
ghana	109
passport	109
madelin	109
romain	109
goon	109
sacha	109
thankyou	109
tig	109
rek	109
rupert	109
glass	109
n9	109
10u	109
chaz	109
lari	109
common	109
flori	109
capricorn	109
krista	109
burger	109
perm	109
squirt	109
zenith	109
fatcat	109
madhav	109
cjyz	109
aqw	109
kell	109
agosto	109
duda	109
nasa	109
asdfgh123	109
lilmama	109
muse	109
suma	109
print	109
proverb	109
rfhbyf	109
pant	109
mu1t	109
pav	109
crew	109
a1b2c3d4e5	109
pictur	109
lester	109
bigboi	109
dorian	109
dart	109
carbon	109
7b	109
salsa	109
j9	109
jesus123	109
zip	109
blu3	109
awsom	109
crimson	109
oasi	109
omi	109
bai	109
5201314	109
oppo	109
zaq12	109
geni	109
uw	109
alam	109
alv	109
rfhfv	109
jaipur	109
flat	109
katti	109
redhot	109
lilman	108
miamor	108
fuckthi	108
wash	108
girli	108
sheep	108
v2	108
trenton	108
lead	108
noni	108
kappa	108
felicia	108
brijesh	108
xma	108
s3r	108
achil	108
mlb	108
luz	108
osman	108
crip	108
msk	108
sma	108
passat	108
2s	108
chantal	108
l1nd	108
push	108
dharma	108
itachi	108
dkflbvbh	108
nathali	108
reveng	108
lfm	108
mydream	108
fossil	108
0123456789	108
reed	108
amadeu	108
789456123	108
bridget	108
ql	108
mck	108
yfnfkmz	108
abcdef123	108
rein	108
cfvfz	108
nitish	108
pfqrf	108
6a	108
daw	108
madonna	108
pl4	108
scotland	108
favor	108
jaiden	108
gurl	108
0k	108
tazz	108
jmb	108
katelyn	108
b6	108
softwar	108
ryle	108
ilovemi	108
istanbul	108
monalisa	108
sarthak	108
pro100	108
rowdi	108
myangel	107
mea	107
level	107
kosta	107
subh	107
pasword	107
artemi	107
poiuyt	107
poiuy	107
z2	107
vbi	107
leed	107
fum	107
chantel	107
1337	107
kawa	107
bindu	107
pfve	107
as12	107
a1234	107
ism	107
loop	107
sangeeta	107
tem	107
caio	107
x9	107
deanna	107
goldfish	107
larisa	107
tol	107
aleksandr	107
matr	107
mypa	107
luba	107
sanan	107
raz	107
cfv	107
semperfi	107
password01	107
f10r	107
maui	107
mint	107
troop	107
s_	107
rfv	107
bigmac	107
bun	107
durango	107
playstat	107
woo	107
rajput	107
prosto	107
aid	107
fucklov	107
753	107
gabri	107
vz	107
nayan	107
denn	107
rab	107
ma1	107
roza	107
zxasqw	107
c6	107
8o	107
360	107
susana	107
karol	107
smash	107
m0d	107
4815162342	107
axi	107
789456	107
murthi	107
swa	107
sari	106
dali	106
210	106
arlen	106
kota	106
muh	106
ajeet	106
zaq1xsw2	106
chef	106
rik	106
karachi	106
123qwerti	106
lat	106
dork	106
relax	106
monet	106
kyra	106
happy123	106
limon	106
tino	106
12345\	106
clean	106
region	106
clifford	106
gbpltw	106
revel	106
trigger	106
belov	106
lovegod	106
gemma	106
trade	106
alliswel	106
cadillac	106
p455w0rd	106
hendrix	106
aabbcc	106
asdfghjkl1	106
tanvi	106
tuffi	106
saini	106
tong	106
zxcvbnm1	106
fell	106
murray	106
bucki	106
charter	106
catalina	106
2j	106
tolik	106
meliss	106
bliss	106
rup	106
asr	106
v8	106
nadi	106
fpf	106
v4n	106
gunjan	106
sharad	106
ljv	106
sublim	106
shini	105
1q2w3e4r5t6i	105
paki	105
mao	105
zahra	105
magnolia	105
123p	105
krissi	105
h0l	105
joske123	105
ratan	105
srikanth	105
unlock	105
skywalk	105
vet	105
mikel	105
cnfc	105
247	105
env	105
ang3l	105
qwert12345	105
hx	105
kaykay	105
dna	105
qwer1	105
t9	105
cece	105
fr0	105
tun	105
scorp	105
dhaval	105
qm	105
lionk	105
gfhf	105
njkmrj	105
tama	105
n\	105
1qazzaq	105
amel	105
dem0n	105
murder	105
hutch	105
kickass	105
honor	105
hondura	105
declan	105
m.	105
l7	105
dhiraj	105
trial	105
conan	105
hilton	105
ern	105
chula	105
s0ccer	105
q4	105
syn	105
krazi	105
258	105
kor	105
apa	105
yv	105
r3n	105
challeng	105
stranger	105
capri	105
hdfc	105
hoe	105
sexyboy	105
bongo	105
fuck0ff	105
9k	105
uli	105
1954	105
glitter	105
afr	105
lay	105
them	105
bloodi	105
stargat	105
killm	105
cjyb	105
ammar	105
brun	105
ato	105
elev	105
re7	105
happy1	104
bore	104
da1	104
lama	104
sole	104
jassi	104
spitfir	104
sunsh	104
6-16	104
nhb	104
truelov	104
ced	104
t6	104
melinda	104
liber	104
turk	104
me7	104
9ol	104
123abcd	104
wordpass	104
b3l	104
rhe\	104
atm	104
carmel	104
deuc	104
sheri	104
extr	104
anja	104
cac	104
re9	104
lji	104
crap	104
farid	104
de\	104
sau	104
krishn	104
kuba	104
m0unt	104
ano	104
djhj	104
ronaldo7	104
alessia	104
melli	104
uhb	104
simona	104
tune	104
letmein1	104
y6	104
pandey	104
cata	104
concord	104
aaaaa	104
oicu812	104
199	104
undertak	104
coleman	104
rajni	104
infotech	104
better	104
xw	104
seri	104
aaa111	104
aabb11	104
ghetto	104
osama	104
ref	104
guilherm	104
213	104
wheel	104
nake	104
d3m0n	104
satnam	104
option	104
mihir	104
x5	104
yuli	104
parent	104
yam	104
loi	104
0okm	104
junk	104
kee	104
2018	104
megaman	104
eq	103
nbuh	103
shasta	103
stockx1	103
3s	103
mayra	103
retard	103
bq	103
strike	103
123qwer	103
medina	103
peke	103
gib	103
nativ	103
ljhj	103
g3r	103
h9	103
m0nt	103
4j	103
sanu	103
msa	103
kori	103
nathaniel	103
2580	103
vlada	103
accord	103
revolut	103
dama	103
rori	103
manon	103
castl	103
manman	103
rammstein	103
cafe	103
gji	103
sima	103
expert	103
our	103
ayu	103
padr	103
fucky0u	103
maximo	103
kjh	103
5n	103
b0l	103
jermain	103
3k	103
xdr	103
ktnj	103
nikito	103
eileen	103
roxann	103
xsw2	103
900	103
nouvellevi	103
blair	103
ilovemom	103
rol	103
juanita	103
maureen	103
qaz1	103
scarlet	103
rahman	103
pack	103
vt\	103
camden	103
1password	103
horizon	103
sujatha	103
abh	103
pipi	103
ide	103
airmax	103
giuli	103
viktoria	103
smi	103
g9	103
n3g	103
beani	103
brick	103
amani	103
teen	103
xk	103
nepal	103
ild	103
ramona	103
alfonso	103
via	103
loka	103
manuela	103
yflz	103
page	103
elf	103
jdm	103
ihav	103
qk	103
skinni	103
daphn	102
6u	102
e9	102
vfi	102
jiya	102
trina	102
muk	102
mone	102
jew	102
trist	102
wine	102
babaji	102
suni	102
una	102
conrad	102
swagger	102
iu	102
makav	102
aiman	102
dirtbik	102
twi	102
ching	102
cjkywt	102
arian	102
nygiant	102
hitler	102
harman	102
toot	102
muham	102
marqu	102
lestat	102
fktrc	102
porto	102
t3rr	102
dag	102
htc	102
weezi	102
yeshua	102
ritika	102
linkedin123	102
le9	102
cbr	102
beaner	102
hellboy	102
trumpet	102
dun	102
pud	102
hub	102
keegan	102
bigdick	102
rashi	102
smudg	102
seek	102
butler	102
i5	102
maru	102
coral	102
12m	102
carro	102
vital	102
drop	102
laxman	102
4g	102
dion	102
anwar	102
bessi	102
anjo	102
678	102
b9	102
munchkin	102
q1w2e3r4t5y6	102
t3x	102
pranay	102
m1l	102
joaquin	102
renault	102
zxcv1234	102
dez	102
edith	102
zee	102
acmilan	102
kentucki	102
watch	102
alen	102
ch1	101
tlc	101
sting	101
moc.loa	101
vasco	101
186.201.201.66\	101
lindo	101
qatar	101
electron	101
dotti	101
manya	101
nail	101
ceci	101
ashraf	101
bach	101
advanc	101
iqbal	101
solid	101
nishi	101
1230	101
groovi	101
alejandra	101
p6	101
1955	101
vaishali	101
hood	101
dmoney	101
gt\	101
redhead	101
luh	101
faiz	101
lilwayn	101
arpita	101
hg\	101
godfath	101
yasin	101
marg	101
2nd	101
perci	101
heena	101
tonya	101
90.227.162.18\	101
l0u	101
c1a	101
madhavi	101
merl	101
campbel	101
classof	101
zim	101
vgi	101
rrr	101
ajax	101
kanna	101
ihateu	101
dea	101
verizon	101
flow	101
ambi	101
jefferson	101
shaikh	101
vse	101
fredi	101
sania	101
tinki	101
f0r7	101
exodu	101
jtm	101
ult	101
tone	101
drag	101
gugu	101
gman	101
superman1	101
armin	101
sweden	101
aga	101
fanci	101
recr	101
redd	101
le4	101
agr	101
nanu	101
fatman	101
abc12345	101
bday	100
kamila	100
81.7.77.88\	100
blog	100
yousuck	100
k6	100
nave	100
smr	100
zse4	100
palmer	100
sade	100
d31	100
boa	100
marcela	100
gatita	100
w00d	100
1945	100
boi	100
sparta	100
bong	100
vfk	100
virtual	100
a.	100
order	100
iyd	100
jeka	100
yq	100
asdf1	100
bikash	100
bhbirf	100
ida	100
p0p	100
candic	100
maritza	100
sucker	100
neto	100
rishu	100
ilona	100
rest	100
maddox	100
minh	100
twinki	100
lamborghini	100
r1ch	100
cjcb	100
kong	100
azerty123	100
asc	100
gladiat	100
dq	100
wildc	100
papu	100
h6	100
irul	100
seminol	100
uiop	100
iamth	100
sisi	100
suji	100
w0	100
sampson	100
karuna	100
alondra	100
leto	100
yari	100
qazqaz	100
w1n	100
flipper	100
rooki	100
tr4	100
wilma	100
shoot	100
gonz	100
asdfghjkl123	100
dumbass	100
luciano	100
a1a	100
samm	100
suz	100
lucil	100
heath	100
martini	100
aish	100
dr.	100
tbone	100
hon	100
melina	100
bada	100
cer	100
jlm	100
enc	100
keerthi	100
oak	100
digger	100
jordan1	100
dinu	100
merv	100
voodoo	100
mica	100
c4p	100
r39	100
sanjana	100
peru	100
hayat	99
poopoo	99
baseball1	99
bigben	99
mavi	99
patienc	99
teju	99
dipu	99
fy.nf	99
pratap	99
unknown	99
child	99
wagner	99
bayern	99
hame	99
colleen	99
4\	99
cactu	99
a1s2d3f4	99
camilla	99
hell0	99
ayman	99
plh	99
dthjybrf	99
f9	99
grumpi	99
123456789a	99
ness	99
l33t	99
abcdefgh	99
1a2b	99
9\	99
herbi	99
talk	99
just4m	99
1x	99
kirsti	99
asdfjkl\	99
ow	99
bulli	99
987654	99
sparrow	99
love4ev	99
kushal	99
dracula	99
akon	99
betsi	99
vinayaka	99
sarika	99
tax	99
vai	99
jace	99
sax	99
usher	99
diann	99
narnia	99
gran	99
smc	99
hec	99
messiah	99
vansh	99
fkbcf	99
7m	99
decl	99
3j	99
ranju	99
reddog	99
n6	99
vader	99
money123	99
vjhj\	99
milki	99
nita	99
aust	99
aragorn	99
outlook	99
silvi	99
nightmar	99
wom	99
tete	99
rachael	99
-=	99
wright	99
smp	99
jmp	99
saber	99
sereg	99
wv	99
razz	99
arr	99
9876	99
a1b	99
yahoo.com\	99
orbit	99
tq	99
laguna	99
0123	99
nee	99
romero	99
junio	99
mnb	99
katz	98
12345678910	98
rodeo	98
2e	98
lop	98
nabil	98
tatyana	98
clint	98
evolut	98
jumbo	98
daniel1	98
siddhu	98
sylvi	98
fati	98
habibi	98
oskar	98
bev	98
maj	98
electro	98
vladik	98
odessa	98
mariel	98
jur	98
siddhi	98
hippi	98
sandman	98
navneet	98
viji	98
lum	98
marcio	98
rjcnz	98
crosbi	98
n5	98
darci	98
snehal	98
momi	98
pa1	98
drowssap	98
pu1	98
tacoma	98
surendra	98
qwertyui	98
vania	98
hotgirl	98
keni	98
hurley	98
paz	98
manav	98
lebron23	98
j3su	98
trinidad	98
piss	98
ath	98
wear	98
aq1	98
herbert	98
pr0p	98
ob1	98
datta	98
carr	98
dab	98
visa	98
andromeda	98
sund	98
d3d	98
jed	98
sek	98
bari	98
stewi	98
nfl	98
qd	98
stallion	98
yin	98
lud	98
blbd	98
sup3r	98
mackenzi	98
jillian	98
ballet	98
amaya	98
dimitri	98
shutup	98
ufh	98
127	98
yw	98
massimo	98
tash	98
cao	98
vtytl	98
rabi	98
miamiheat	97
teo	97
z9	97
sahara	97
somu	97
dominick	97
zkj	97
yomama	97
shen	97
koti	97
0987	97
mane	97
p3d	97
tokyo	97
samrat	97
tiki	97
lsu	97
mariya	97
kom	97
drpepper	97
debora	97
marseil	97
imag	97
xg	97
portal	97
fabul	97
stang	97
shotgun	97
ika	97
cycl	97
jonjon	97
password11	97
everest	97
priy	97
maja	97
c00per	97
4mi	97
yolo	97
helloworld	97
dove	97
sit	97
jayant	97
splash	97
bykemania	97
akhilesh	97
l5	97
cen	97
goali	97
1314	97
sever	97
petrona	97
dmc	97
alani	97
beni	97
cham	97
physic	97
ink	97
lth	97
djhjyt	97
junaid	97
zaqxsw	97
technic	97
airborn	97
shaik	97
vfvjxrf	97
prop	97
moc.liamtoh	97
abc123abc	97
fudg	97
grim	97
renegad	97
legion	97
vano	97
gabriella	97
hoi	97
9t	97
cvbn	96
ghjkl	96
wee	96
d3p	96
walnut	96
moss	96
maroc	96
joke	96
anal	96
d3t	96
shasha	96
fsu	96
jensen	96
ufhf	96
l0i	96
gav	96
jigar	96
dhanu	96
lourd	96
l9	96
qwert12	96
rambler	96
741	96
lamp	96
nyjet	96
abhijeet	96
pee	96
sed	96
lifeisgood	96
crush	96
alpin	96
myson	96
jetta	96
castillo	96
pizz	96
hjvfirf	96
ammi	96
p1c	96
mishka	96
sabi	96
buggi	96
jakarta	96
cup	96
iloveyou2	96
shraddha	96
dolor	96
tho	96
sujata	96
wolfi	96
bharathi	96
vivo	96
yong	96
lek	96
abdo	96
uz	96
bite	96
vagina	96
theboy	96
pon	96
lalita	96
qy	96
luciana	96
shaq	96
koda	96
106	96
128	96
patric	96
slash	96
season	96
d35	96
tessi	96
blaster	96
tyre	96
ranga	96
shrek	96
sava	96
rui	96
rent	96
bread	96
ext	96
kabir	96
geet	96
aji	96
trick	96
anarchi	96
mnbv	96
opt	96
lazi	96
nofear	96
gfdtk	96
minu	96
r3h	96
